id,chrom,pos,strand,gene_name,source,sequence,label
7b8f2541d36da58f,chr10,17209712,-,,PolyA_DB,ATATTTGTCATTATTGGATCATATGAGAACAATTCTAAGTGATACTGTTGTCTACCTAAACTAGTACCTAAGTAGGGTAAAATTAAAAGTCTTTGTCTTTGAATTTTTTCTGGGTTTTAGTTTATCAGTTCTGATGATGTAGCAATGCAGAAAAAAGACTATGAAGGAGTGTGTGCCTGTGTATGTGTGTATGTGTATGTGTG,1
e4c2307f705f8333,chr1,64832515,+,RAVER2,negative,CCTTGGTATTAAATGCATGAGAAACCTTTTGCCATCTAGAAATTTCTAAGTTTGTTTATGTTATAAGACTGTAATTAATTGATAGGGAATTTGGGATCTCAATCCGGGGCTTTTTGAAATCAGATCATTAAATATCTCGTCACTTTGGGGACTTGTTATTTTTAACTATGATGTGGATATCCTGTTTTAATTATGAAGTCTAG,0
c4ed47f97b5784af,chr10,23361147,+,,PolyA_DB,CCTGCTGAACACCTGCTTTCCCTCCTGGAGTCTGGAATTTCTGTACTGCTAGAAAGTGGGTCCCTAGGTGACAAGCTCTCAATAAAAATCTTGAACATTGAGTCACTAATGAGACTGGTACTGGTAGACAACACTTCATAGGTGTTGTCATAATTTGCTGCTGTAGGAATTAACTACATCCTGGTAACTTCCAAGAGGACTCT,1
ca12c21c22aa5485,chr6,129577840,-,ARHGAP18,negative,TGCTGTATCACAGGAAGTGATTTGCATTTTTTTTCAGTTCATCTGACTTATGTTCACAGAACCGTATCAGCGACCAAGAAAATAGGACTGTCAGAAGCTGCCAGTTATTACTGAACCATTAAATACTTATATACTAAGAATAAATAAAATATACCCATGTGAAATAATAATTGGATTATGGATAACAAGAGAGTGAAAGCCAA,0
6163bb5fba4eef03,chr12,55954108,+,PMEL,PolyASite,CTTTGGGATCTGCTAAGTAAGTGGTACACTTCCTTCTTTTATACCTTCACTCCTTAAATGACGTAGATTCTCCCAAGAAGCAACAGAAAAACCAGCATCAGGCTCTGAGTATTTATTTCAGTTAATAGTAGTCTCCCAGGGAAGACTGGGGGAAATATAGGTGTTTCTGTCAACTCCAGGAAAATCACAGCATCATATGAGAG,1
339d05ac85598970,chr11,62787721,-,TMEM223,negative,CGGAACCACAGTAAGGCTGTGCAGCAGGAGCCACGAAACCCGACTCCACCTAGTGCTTTAAGACGCTACTGACCCGTCCCTTTGGCGAGGGGACAACTTCGAAGTATGACCTGGCCAGGAGGAGCCACAAAGCGCGATTAGCCTCGCTGCATTTCAGGTACAGGCCGGCGCCAGCCGTGCCTCACCAGGTCCACCGGCTCCGA,0
90db4db215269062,chr4,124324956,-,ENSG00000286734,PolyASite,ACAGATATTTGTCTAGCCTTCCTTAAGTCAAATAAGAATGTATCATAAGAGTGTAGAGATATCTAATAAAAATCCAAGGGCAGAAATATGGGTGGAGCACAGAAAAGAACTGGAACGAATGATTTAAAACTGTTCAGATATAGCTTTAGGTATTTCTCATCTCTACTCCTCTTTTGCATTTGTTTTCCTTTGTCCCTCTGCAG,1
903722b9e99f3450,chr12,72665129,+,TRHDE,negative,ATGATAAAATCCAGTTACCACATATCACGTTTATAAAATCCTTAATTAAATGAGTAACTTCTAAAATATAACAATACTAAATATCACACTGCGATGGAGGTCCCAAATATGTGGTCTATCACCACTGAATTCATGTAATAGATAAGAAAAAAATTAGAGGTGGATGTCTTGTTTTGTGTCATGAATTACTAAAATCTCTTAGT,0
968d4473c58757f9,chr12,96072235,-,,PolyASite,TGATAAAGATACTTTGTTAAATGTAACTCAGTGCAATTTGATTTTATATCCTTAAAAGATTTCTTTCATATGAACAAATCCACAAGGTAAAAAAAAAAAAAGTTTTGGCCGGATGCAGTGGCTCATTCCCGTAATCCCAGAACTTTAGGAGGCTGAGGTGGGAGGATCACGAGGTCAGGAGATCAAGACCAGCCTGGCCAACA,1
4de5e64e06997903,chr11,67351868,-,POLD4,negative,TTAGCTCTCTTGCTCACCACCCAAGAACCTCAGGACAGAAGCGAGAGCCCATTGCTCCTGCTCAGCTCAGCCCGGCTGCGGAGGAACCCTTGGCAGGCAGAACCTGGAGGTGTCAGAGGCTCAACTCCTCCATCTAACCAGCAGGCTCCCAGAGTCCCCGGAAGAGCCTGCGCAGCTGAAGCAGAGTGCTTCTAGATGGAGAG,0
aaa5a1f35d83eb59,chr12,56124168,+,ZC3H10,negative,GGGTGTTCTTTTGGATTGGGTGCTGTTAAGGGAATCCAGGATAATTGGGTAGCTTGTCTAGAAGAAGGGCAGACAAGTGAACCTAAGCACAGTCGATGATGAAGTCACTCACTAGCTGGGAAAGGGGATGTTTGCTGTTTTGTGGTTTGCACACTGACCTTGTTTTGTGCTTAAACAAAATTGTGTAGTGATTTTGTTTTTTG,0
8a5fb70f09f00893,chr19,49148741,-,PPFIA3,PolyASite,TCTCCCCCTACCCCCTCTCCTCCCCATCCAGCTCCACGCCCTCCACCTGGCTCCCAAAGGGACCCTTAGGCTCTACTCACCTCGGATCTGGGTCTGACTTTCTTCCCGCCTCCGCTCCAGGTCCTTCCGGTCATAGTTGAGCCGTTTCAGGCACATAATCCCATAATGTAGACTCACCCTGAGCAGCAGGGGAAGTGGAGTCA,1
6799262be436592a,chr1,40548170,+,,PolyASite,ATTGAGGAGAGAAAGGCACTTGTATTCTGTATTACAGTAAGTATTCAGTTGAGGAAAAGAATTATTTAAATATGTAAATAAATAATTTGCACTTCAAATATTTCTGTTTTGCTTTTTCATTGATATATCTACGTAAGCTGTAAGGATAGCTTAAGTGGTTTTGTGTTTTTTGTTTTTCTTTTTTTTTGAGACAGAGTCTCACT,1
3d6866046c936402,chr6,75921856,-,IMPG1,negative,ACACCATATTTCAAATATAGAAGAGTCATGTACTTGGCAACCAGTAAATTCTGAAGAAAAAGACACTTACTTATTATTAAAACCCCAAATGCAATCAGCGAAACATATTTTTACTATTCTTGGATGATAGTCAAAATGATCATAAGCCAGGTTTGCTTCCACCTTCCCTGAAAATTTTACTCACAGATCATTTGCAACAAGCA,0
a6e52dfa0857fb4c,chr18,62045867,-,PIGN,negative,TATGTGATTGTCATGTCCATGACCATCTTTTTGGTGTTCCTCAATGGCCTGGCCCAGCTGCTCACAACGAAGAAACTCAGACTATGTGGCAAACCCAAAAGTCACTTCATGTGAGGTTGCTGAAGCACCATTCAGCATCTGGATCCTGATTCTCCTTTTAAGCTAAAATCTCATCAAGGCTTCAATAAGAAGATGGATATGGA,0
0bf5616ad0bbf33e,chr11,96353085,-,CCDC82,negative,AAGAAACCTCATATATCATTCAGTTCAATCCCATTGCTTCAGAATCAGATCATAGCATATCTATTCTAAGTAGAGGAATGCTTTTTTCCTTTTCTTGAAAGTTTCTCTTTCAAATAGATTTCAGGCCTCTAGAGTCTTTCAACCCTCACATTCAGGAATAATTTTATGTAAATTTTCATGCTTTATAATGTTCTTACTTTTTT,0
67f608dacd84a453,chr2,139873462,-,,PolyASite,CACCATGGCCAGGTGACGGCAGAAGTGCTTCTGTAATTTTCCACTGCCAGCCAAATATGTCTATAGCTAGTCCTGATTAGCCCCCTTACTTCCTCTTCCCCCAGTTAAAAATAAAGGGAAACAGCACAGAAATACTTACTGTAGTGACTGAGCCCTGTACATACAGCACAAGTAAAAGATACCTGTCTTGGTCCCTAGCTTTT,1
b13e502c977e6a6f,chr3,58319941,+,RPP14,negative,ATACCATAAAATTCACCTTTTAAAAGTGTACAGTTTAGTGGTTTTCAGAATATCCACAAAGTTGTACAACCATCACCAAATCAATTTTTTATAGCATTTTTCATCACCCCCAAAAGAACCTCCCATTAGCAGTCAATCCATTTCTCTCCTCCAGTCTTTGGGAATCACCAGTCTACTTTCTGTCTCTATGGGTTTCCCTGTTC,0
808b128d275b785f,chr8,41506988,+,GOLGA7,PolyASite,TTAAAATTTTCAGCAAATTGGAGAAAGCAAACTTAAGTAGGAAAAATGTTTAATAATTGAAAAATAAAGCAAACTGAAAGCAAAGTCTGCAGATCACACCCTCCACCTTGCCAAGTCCCCCTTTGTGTGTTGTGTCCTGTAGTGTGTTTTCTTAACAGCCATGCTGTTTAGATTGAAATTACCATTTATGAAGACAGAGGCAT,1
995c147fbee81d86,chr19,12634537,+,ZNF490,PolyA_DB,CAAAACAGTGGTATTTTCAGTGCCCTATTGCCAGCAATCACCACGGTCACACCTGTATTCAGAATTAATTATGGTAATACAGTAGTCAATTCTGATCCAAAGTTTTGCTTTCTGTGGTTTTAGTCACTCATGGTCAAACACAGTCCAAAAATACTTAGTGGAAAATTCCAGAAATAAATGTTTCATAGACTTATTTATTTATT,1
09c781a215b4cd33,chr3,23979481,+,NR1D2,negative,AGAAACAGCTTTTTGAAGTAATGAAAACCTCAAAAGATCATGTTGATTCTTAATTTTTGCCTTTTGCATAAGCCTCTTTATAACATGTATCTTTAAAACAATTAAGTCTTTAGGAATGTGTAACCAGAACTATGTTAGTATTGCTTATAAAACTTTAGTTAGGTTCAATATATACATATATACATCTCTATATAGGTATATAG,0
540ee6e3c53a5053,chr15,40808143,+,ZFYVE19,PolyA_DB,GGGTTTATGTGAGGGTCCACTGAAGTGCTTTAGGTGAGAGTTCCCTATAAACTGTAAAGCGCGCTGCCGTCGTTTTTGCAAAGCTACTCTTTTCTGTCGGCCCAGTGTAGCATCTGGCGGTTTTCTTCTCTCCACCCTGCTCCTCCGAAGCGCGGTGTCCATCACACCAAGCCCGTTACTCCCTCTGCTCTGAAATCTTCCCC,1
19c40cf4d4e33509,chr4,93104283,-,GRID2,PolyASite,GCACGTGTATACATATGTAACTAACCTGCACATTGTGCACATGTACCCTAAAACTTAAAGTATAATCATAATAAAATAAAAAATACTATTAATAACTTGTGTTGTTTAAGCCTCTAAATTTGTGGTAATTTGATACACCAGCAATAGAAACTAACATAGAACTATATTTTCATCCATAAGTCTGTATTTTTCCAAATTGTAAT,1
5dee77d00095f684,chr11,20121223,+,NAV2,negative,TGATGCTTAAACTTCAAAATTCTCTGTATTCAAATTTGATTGTGGCGAATCTACTTCAAAAAGGAAAAATAATCCAACTTTGTGGATATTAAATGGAAGGTTTGCTGTTTTGATCTAGTTGTTTCCAGTGGAGCAGTTTTATGAAATATGTTCTATAAGATGTACATTTTTTCATTGTAACATAGAAATTGTAAATAATTGAT,0
ebc38963fe8e7797,chr2,55614055,-,PPP4R3B,PolyASite,CTTACTGTTAGAACAATTATGTATATAACACATTCTTAATCAGTTATTTGAAATACTTTAAAATTTTCAATATTCAATTCATAGCTTTTTTCTCTGTTTAGAAAATATTGTGTGTCTTTTTTGATGGAGAAGCAAATTAAACATTTGTCCTGAATTGAAAACCTGAAGATGTTTCCTATACCTTAGACATTGTAAGGTAGACA,1
232b256b795f8dca,chr20,49245228,-,ZNFX1,PolyASite,AGGAAAAGGAAAAGAAAAAGTACACAGTTCTGCACTTGGCTTTTTTAGCCTAATAACCTACTTTCTGTAAAATCCAGTAAGACAGTAGTCTGAACTGTACTCCATCACACAGTTGTGCCATCATTTTCTGAATTGGACCCTCTGTTGGTGACTTAGGTGCAGCCTGAATGAATAGCTTTGAACACACTCTTTAGTATCTAGGG,1
7220f2e3cb555681,chr5,72220483,-,MRPS27,negative,AGAAACCAAGGCTGAAGAGTCAGGTTGAAGCACAGGCTTTTGTTTTTTGTTGTTTTTGTTTTTTGAGACAGAGTCTCATTCTGTCACCCAGGCTGGAGTGCAGTGGCGCAATCTTGGCTCACTGCAACCTCCGACTCCCAGGTTCAAGCAATTCTCCTGCCTCGGCCTCCTTTAGTAGGTGGGATTACAGGTGCATACCACCA,0
34544ed46dfac881,chrX,111297700,-,DCX,negative,ACTCTTCCCATCGTCTTGTGTACACTGCTCCTGTGGCCTTCCACAGCAGAAACCAGGGCAAAAGGGTCCAAACACATGGTTTTCCTTGCTGCAAGGCTCTTCCTGGGAACTAAGGGGGTATTTATTAGTTCAGTTCTAAGAGACCTCCTTCTGGGCTTACCCCACTCCTCAGGTACTTCTCTCTCCTTCCTCCTTCTCCTCCA,0
35c55386b28fa121,chr1,108930577,+,GPSM2,negative,GCTGGGCATGGTGGCTCATTCCTGTAATCCCAGCACATTGGGAGGCTGAGGCAGGAGGATCGCTTGAGGCTAGGAGTTCAAGACCAACCTGGGCAACATAGACCCCCGTGTCTATGAAAAATAAATCAGCAGCCAGGCGCAGTGGCTCACACCTGTAATCCCAGCACTTTGGGAGGCCGAAGCGGGCGGATCACTTGAGGTCG,0
b7cf4ccf7c2f8cb4,chr10,52076996,-,PRKG1,PolyA_DB,GTCTTTGTATGCATGTAAGCTTTCATGTTTCATGTAAATACCTACGAATGGAATGGCTGGGTCAGATGGTAGGTAATATGTTTAAGTTTTAAAAAAAAAAAAACTGCCAAACTGTTCTCCAAAGTTGTTGTACTATTTTATACTCTACATCCTCTCCAATACTTTATATGATCAATCCTTTTAATTTTAGATATTCTAATATG,1
473e53515fee54ab,chr1,7546985,-,CAMTA1,PolyASite,GAGACAACATGAACACTGAAATAAATAACAATGGTAATAGATTATAATCCATTGAATAAAATAAGGTTATACATAAACAAATGAATAAAAACTGAAAGTCTGATGGGGAATACTTGCATATACTATGAAAGTACTTTCTCACAAAATATTTATTAACTACAAACAGAAAATGAGTAAGCTTACAGTGGAGAAGCCTTGCAGAC,1
f75d1512d5d2831c,chr12,8097093,+,NECAP1,negative,AGAGAGGTTGAAAGCACTTAACTCTTGTTTAGTATCCTCATTGCCTTGCTGCCTGGGTATCTGGCCCCTTTCCATAAACATTTCTTTTCAGTTCATGTAGTTCTTTAATAGAAAGCTGCTATTATGTATATTGTCATTTGTGAAGGAAGTTGGAGAGTCACAGCTTTACTGTGACAGGTTTTGCCCAAGGCTTTGATACCTGT,0
67967f63a28784fa,chr9,20345739,-,MLLT3,negative,TTTGTTTTTCCAGTTCCAGGACACAGATTATCAACTGGGGGGACCAAATAGCCACCTTGATTTTCTTCTTTGTGGTCTTTTTCCTGAAAGTTGGGGCCCAGTCCTTGGCTGTATCCATGTAATGATCTTGGACCATGGTAGAAAATGCACCAAATAGGATCATATGAATTGCTGTCTAGCCTTAGTCAATAAACTTGTAGGAC,0
3b97b4edef219a76,chr8,143857620,-,EPPK1,PolyASite,GAACATTTTTCTGTCTGTTTTGGATTCACTGCTTCCATTTTACAGAATGTCACTCTTTAGACTCTCAGTCCATCATGCCATCGGGTACTCTTGTTGCAGTGTAATTTTTATTACATGCGGTTATTTCCCTAACGATGTGCTATTCACGTTCATCTTCAAACTCATTTTCCATCAGCCAGTGTCTACTATTTAGTGCCCTGGCT,1
8c41f4568743f1d0,chrX,120426252,-,LAMP2,PolyASite,GAACTGGTGAATGTAAACAATTGTTTTTCACCTAAGCTGCTTTGGAAGAACTGATGCTTGCTGCTAACTAAAGTTTTGGATGTATCGATTTAGAGAACCAATTAATACCTGCAAAATAAAGCATACTGTGGTACTTCTGTTTGATCTAGTATGTGTGATTTTAGATTGATGGATTAAAAATTAATAAAGATCATACATTCCAT,1
1be2bc36eec36941,chr3,184145046,+,EIF2B5,negative,TCACACTGCCTGCTCCTTTGGGTGTGATTGAGTGCCCTCCTGGCTCCTGGGCTGGGACAAGTGAGGAACTAGCTGCAGAGGGATGAGTGACCACCATCCAGGCTGAGACTGAAAGGAGCAGAGGCTGGAACTACAGTATTCTTTCCCCTGCTAGCAACCATGTGCCTCCCATCCTGACTGTGGAGTTGGGATGTGGAAGTGGG,0
1e68b0119d088fc2,chr9,89037359,-,SHC3,PolyA_DB,TTTGGCTGAATTTTTCATCTTCCCGTCAAGAAAGACATTCATCTTTACCTGGGGCATAGTCCAAGAATTGCTAAGTTTAATAAATGCAGTTAAATCAACCTAACCATTGAGTGAAATTCCAGGATTGTTTAAAACCTTTTATCCAGTGAAAACAACAAAGCAGGGTAGAGTTATTTAATAGGAGTTAAGAACATTGCATTTTC,1
e4a5dbd3a6fc2f4e,chr9,35697443,-,TLN1,PolyA_DB,ATTATTAACGCTGCTGTACCTCGATCTGAATCTGCCGGGGCCCCAGCCCACTCCACCCTGCCAGCAGCTTCCGGCCAGTCCCCACAGCCTCATCAGCTCTCTTCACCGTTTTTTGATACTATCTTCCCCCACCCCCAGCTACCCATAGGGGCTGCAGAGTTATAAGCCCCAAACAGGTCATGCTCCAATAAAAATGATTCTAC,1
44d16457df4350ca,chr1,100153996,+,LRRC39,PolyASite,GCATGCACCACCACTCCCGACTAATATATCTGCTATCAATAACATAATTGTTTCCCTTTGTGCTTATTTAGGAAATAAACACTTTTATGCTTTTGATTTTTATGTTGTGAGTGAAGTTTTTTTAGCTGTATAATTTTCATGAAAATGTCATCAACAGAGGACATTTCTTTTTTTTTTTAGGTTGGTATTATAACATTTATTAA,1
6201eb3149d56109,chr5,100554294,-,FAM174A,PolyASite,TGCAGTGAGCTGAGATGAAGCCACTGCACTCCAGCCTGGGCGACAGAGTGAAGACTCTGTCTCAAAAAAAAAAAAAAAAAAAAAAAGATAGAAAAATAGAGGGAAGTTAGTTTACTATTGGTGCTTTTGAAACATATCATTTAATGATATCTGCATGCAATTGTTTGATTTTAAAAAGTGATTACATAAGAGTGAGTGAAACT,1
acd6e1a509931cd8,chr8,73323316,+,RDH10,negative,GTACAAGTGAACTTAGGTTGTTGCCAACAGGGTCCTTTTAGGCAGAACCCAGAAACCAGTCAAATCTGTAGAGAAGCAGTGTGACATCTTCAGGTTACCATTATTTTTTAATGAGCAGGAAGTCTAGAAATGATAACTAGACTGTATGTTTCATGTGTGTGATTTTTCAGAATTCCCAGAGTTTACTCATTCTTGTTATTAAA,0
95c058af47d1d9f7,chr2,174747760,-,CHRNA1,negative,TCCAGTGTCTGGAAGAGTTTTTGCCAGGATAACCGAGGTTTTCTGTTGCATTGTCATTGCTGTTATATTTATATATTTACTTATTTTGTCTAACCACGAGACCACTAGGGAGTTGCTGATGTTCTAAATGAAGTGTATTCTTTGCTTAAGAGTCAGTTTTGTACCTACTAAGAAAACCCCATCTACCAGTCCTAAAGAGATAA,0
ccc27615b21b4b7e,chr19,42295486,+,CIC,negative,TGCAGGGGCAGTCTCCCTCCTCCAAGCCCCTGTACATAACCTGGAGCGTGTGACCTTCAGAGCTTTTCACTTTATGCAAAATGGCTCCTGTGAGGGCTGCAAGCTGGAGGGTGGTGCAGGCCTTGGGCCACAGGGAGGCGCCTGTGGAATAGGGGGAGTTCATGCACCCCTTTTTTCCCCAGAGGGGCTGGACTCAGGTTAGT,0
d1461fefa7465ffc,chrX,11768774,+,MSL3,negative,ATAAACGAGGTAAAGAATGTTTGATGTTTGTTCCCAATGGTTCCTTTATTTGTGATTACTTCAATTCTATAGGTGGAAGTCAAGGTTCTTAAAGCATCATGTTGCTGCTATTACTGTAAACATTATCAAAATTGTACGTAATTTTATGCTTAACACTGTGGGTTTTGGTTTCTAAAGTGAGAAAATTGTTAGGATTCCAGCCC,0
7f2fe3bc958d956a,chr10,42579925,-,ZNF33B,PolyA_DB,CTTCCTCCATCAGTGAATACACCAGACCACATTTTCCACGATTGGTAAAAGGCAGAGATAGGGGTCTTAGTTTTCAGTTCATTCTTAACATGGTATGATTGGAGACTGCTTAGTCCAGCTTGTCTTTTTTCTTTGACTCCAAGGAAATGAAATGGAAATACAAGCCCACCTGTATCCTAGACTCCAGACTGCCGATTTCTTTG,1
48db009397ab632f,chr17,44076022,+,G6PC3,negative,GCCTCTTCTACATTTTCAATTTCCTCAAGTACACCCTCTGGCCATGCCTAGTCCTGGCCCTCGTGCCCTGGGCAGTGCACATGTTCAGTGCCCAGGAAGCACCGCCCATCCACTCTTCCTGACTTCTTGTGTGCCTCCCTTTCCTTTCCCTCCCACAAAGCCAACACTCTGTGACCACCACACTCCAGGAGGCAGCCCCATCC,0
717941681cc3548e,chr11,101956610,+,CEP126,negative,TGTCATTCTCCATCTTCTTCTTTGCCTTCATCTCCTTCTACTTCCACATCCTTTTCTTCAGCCTGTATACTGTTTTCTTCCTCCTCATCTATTCTTTCCTCTTCTTCGACTTCCTGTTCTACTTCTCCATCCTTACCTCCTTCATCTATCCCTCTTTTTTCCTCTCCTTTGCATTCATCTTCCTCTCCAGGTTTGCCTCCAAC,0
5de477fc193c49f1,chr12,55193090,-,,PolyASite,ACAATCTTATTACACCTATTGTAAACCCTGTTTAAATGTATTGATTTAAATATAATTTTCTTTTGTCACGGTGTATATATTCTAGCTAATATATATTGTTTTTGTCTCTTTGAATAATAAAAAGCAAGTCTTCTATAAGACACTAAAACAAAGAACTTTAAAAAACTGTTGGTTTCTTATGGCAACTTTAGAGAAGTTGACAA,1
64b5acee7b1ed107,chr11,16800050,-,PLEKHA7,PolyASite,TGTTTGAATTCAGCAAGCATTAATTGAGGCTTCTTGTGTATGAGGCACCTTGCTGGGCCACTTTTGGTGCTGGGCTTGCTAACTGATAAGATAGTTCTAACCAAGGCTCTTTGTTTAAGTGATTTAATGAGTATGTTGACTCTCCAGACATTAGCCTCACCCCAGAAAGTTGAAGGAAATTCTGGAGTAGGGTGTAGGTGTGT,1
18e05018665a4469,chr2,31267101,+,EHD3,PolyASite,GAGGCAATTCACTTGCCAGCACAGATGGCCAACCCACCTCCAGATTCCCCAGTGCTTCCACACCCGGGCTCTGAGCAAATGGAAAAGACTTTTCATTTAGTAGACAATTCACTTCTTTTTCTGTGCTTCCCCTATCTGCTTTGGCTTCCTAATAAGAAATCCATTCAAGAGCTAGGAGATCTGAGGGCAGGCGGGCAGCTGCA,1
4a0ceba5831d5834,chr16,24790417,+,TNRC6A,PolyASite,ATGGGCACTAACTTTCAAGTTAACACAAACAAAGGAGGTGGTGTGTGGGAATCTGGTGCAGCAAACTCCCAGAGTACATCATGGGGAAGTGGAAATGGCGCAAATTCTGGAGGAAGTCGAAGAGGATGGGGAACCCCTGCACAAAACACTGGCACTAATTTACCCAGCGTTGAGTGGAACAAACTGCCTAGCAATCAGCATTC,1
678f020490b3526f,chr6,27715723,+,ENSG00000302043,PolyASite,TTTGAAAATAAGCTCCTGTTTTGTGCAGATGCAAATTTAAATGTGCTATTTGTAACTAATCACTGATAAAATAGAGATTTCCAAAATATATTGAGAAAAAGAGCTGCAGAATAATTTGCAAGTTTCATAAAATCAGGAAGAATGCATTTAAAAACTAAAGTAAGCTAGGAAGGATGGCTCATGCCAGTAATCCTAGCACTTTT,1
181b352d66aed510,chr2,154283606,+,GALNT13,PolyASite,ACTATATATAAATTATACTTCGAGATCGCACCACTGCACTCCAGCCTGGGCGACAGAGCGAGACTCCGTCTCAAAAAAAAAAAAAAAAATTATACTTCAGTTTCATAATGTAGAAACGTGATGCTTTTTCTTAAAGAGATAACATGAGTGGGGCTATAAGGCTAATATATACAAAATACACACACACATACACACATCTATAT,1
0b37ad396e1587a3,chr19,58215960,+,ENSG00000300598,PolyA_DB,CAAAGAGTGGGACCAATTAATTCCAGCACATCCACTTATTTGTTCAACAAGAGTGTCTGTATCATTTACCAAGAAGGATTAAAAAGTAATTTTGTTCTCTTTGTTCCTTTGTGGCTGATTTTTAATGCAGAGACTATGTATCCTGGATCTAGCCAGTTGAGCAAACTCTGATTAATTTTAATAGGTTTTACTAAAATCTGGAT,1
e8fc9219f58c0b03,chr4,174490885,-,HPGD,PolyA_DB,GCTGAAACTCATAACAACACAGACATAAAAATAGCTGTGAGGTTTTGCTTTTTTTGTTGTCAGCTATCTTAAGAATCATTAAATACACCTGCTTTGGGTAAAACTCTTTGCAAGCAGTAATTAACACTAGTAACAGTGAAAGCACAAGATTTCCAAATCAGTCGTTTTCTCAAAAAAATATCGTATAAGTGACTCATCCTGTC,1
9cc4e9c59703324c,chr5,64215268,+,RNF180,PolyASite,AGGTGCTGTGGAAAGAAAGCAATTAAAGCCAATGGATGAGATGCTCATGAACATTTGAAAGTTCGAACCAATATGTTTCTGAATAAACTTTTTTTTTTGCAAATTGACTTTATTATCTACTTATTCATAATAGTGTCCTTATTAATCAGTGTGTTGTAAACAGAACTAAAATACAGAAAGCTGCAACTTGATATATTAGTTTT,1
633fbe35e2af2070,chr21,28873096,-,N6AMT1,negative,GGAGAGAGTAAACATCACATGAAGACTTTACCACCTCTTCTGGGAAACGGGTTAGAGTGTTTCTGGTGGAATGCTGGATTGTTAATCGTGTTAGATGGAATTATGACCTTGTTGTTGTCTTTATGTGGCAGTTAAGTATGGTTTAAAGAGATGTTTATGGGTGCCAAGTTGACAAGGGTAAACTTGTGATGGTTAATTTTATA,0
575ab8ed83050c26,chr20,34845172,-,GGT7,negative,CCCTCCTTCTCCCAGGTTTGGTCTCAGGGGGACCCCAGGGATGCCCCAGATCAGGGGCCAGAGGGGATGCTTAGCAAACCCAATCCCAGAGTAACTGGAAAATTCTCCATCAGGAGGCCTGTGGTGGTGGTGGTGGTGGTGGTGGTGGTGGTGGTGGTGGTGAGTGTCAGCATCTACAGTACAGCCAGGCAGGCAGGACCTTG,0
94320b0f12c1348f,chr5,108388162,+,ENSG00000286503,PolyASite,TTATTTTAAGTCACTTCATTTCTGGTAATTCGTTTTTGCATCAAATGCAAATGTTTTTGCATGGAATAAAGTGTGTATTCAAATACAGTCATATGGATACCAAAACTTGATGTAGTTTTAATAGCAGAAACCAAATGATCAATTATCCATAACTTCAAAGATTAATTCAACCTCATGAAAAGAAACAACTAATCAGAAGTTAA,1
dc10ec9c3c04a406,chr22,32387565,-,,PolyASite,CAGATTGATCTTCTTCACACCAAGCTCTGTTTACATTCCGAGAGGTGTCATGAAGAAAGTTCTGTTCAATAAGGTTTTGGAATGTTTCCTTTCGTCTGTTGCTTTGTCAGTTTGTCCATTCATCCACCCATTTAGGCATCACCCCTGCACTCAGCAAAACCCTAAATACCCCTCTTACTTGGAGAGCACCCAGGGAGTTGTAA,1
a38de260b90e27cf,chr16,67367279,+,LRRC36,negative,CATTGAGTAAATGCCTGGATGTGGGTGATTCTAGCCAGATCCATCCCTATCAGTTACCTTCAGATGTTGGTCTGGAAAATTATGACAGTTGTTATTCTCAAACTCTATCCCTGCATGGAAGTCTTGGTAAAAGGCCTCAGAGAAGCAAGAACTATCAAGAGTATAGCATAAAGCCTTCAAATGACATAAAGACCACCGCTTCA,0
0eef479187707112,chr12,15359395,+,PTPRO,"PolyASite,PolyA_DB",TTATTCAGACATTGTTTTATACCTTTCATTATTGTTTTATTGATTTTAATGCCCTTATTAGATTCATTTTCAGATATTATAAAGGTTTGTTTACTCTTGTGCATTGGTCTACTTTTCTTTCTCTTTCCTTTTTTTTTTTTTTTTTTTTGAGATGGAGTCTCACTCTGTCGGCAGGGCTGGAGTGCAGTGGCGTGATCTCCTGG,1
74bcbb2f61e54023,chr17,38848095,-,RPL23,PolyA_DB,TATGGTCAATTTCAAGTCAGCTTTAGTGTGACAAGCCCCTAGGCCCACCATTTATGTCTTTATATATTATGGCAATATATGATCCTTATATATTAACCACTAATCGCTGCTGTTTTTGAATGTTATCTTTTCTGAGGCAGTCTTGCTCTGTCACACAGGCTGGAGTGCAGTAACACCACTGAAGCTCACTGTAACTTTGAACT,1
a2290c56be0ab43c,chr3,140568077,+,CLSTN2-AS1,PolyA_DB,TGTTCCTTCCTTTGGACCTCACAACAAATCCTGTGAAGTAACTGAGACATCTGTTGTTAGATACATTTTTGTGATGAGTAAACTGAGGCTTCGTGATTCAATGTCTTGTTCAGAGTCATTCAAAAGTATAGACAAGACCAGTCTCCCCAACTTCCACTCCTGGTGCAGGATTCTACTTATGTTCATAGGTATGCACCTAACAG,1
2facc632837c796d,chr11,44246005,+,EXT2,negative,GCAGAAACTGAAGCTGCAGATGTTCATTTTGCAAATGCAGAAACTGAAGTGATTTTTTTCAGTTTCTGACAGCAGCAAACACAGGTGCTTACCAAATACTTTTGATTTGGGTAATGTGTACTGGTCAGTAGGAGACATGGGAAAGCATTTTGGTCTCATGTATTCATAATATTGGGGACGATATGGTAGAAAGCCAGGAAAAA,0
5faa4bea12937252,chr1,184693769,-,EDEM3,negative,GTCCCATCAAAAATGGAAATCCACAGTTCCCCCTTCAAATGCAGCACTGCACCACCCTGCAACACCTCAGGCCAGGGAAAGATTACTGAGCATTCCTGCGAACCAGATTTCTGTTGTCTCTGGATAGACAAGAAACAAAATTCATTTAGTAGTGGAGTGGGGAATAGGAGTTTGGATAGCCTTCTAATTAAAGGAAGCTCGCC,0
07b7b6b3f2d9c3f4,chr3,197782192,+,FYTTD1,negative,AATAGGGATTATACCTGTCTGTTCTTAAAGATTTCATGGTTGGCTCAGACAGAACAATCATCTGTTTGACTTCTTTGGTTCCTCATGCAGCAGAAGGAAGACAGAAAGATAGAAATTGATTATTTTTATGATAGCAGTATTCAGGATCTCATCACCTTTGCCCGTGTTTTAGACTTTGTCATGGTAAATCCTGGTCTTCATAA,0
bcc5c8b57bad2bf3,chr14,88470200,+,SPATA7,negative,AGGTATGTATGCATGCATTCATGGTAGTACTAAAAAAGTTTTTTTAAAAAAGTAAAAAGTAAAAAAGTAGTAAACTGGATTATTCAGCAGAATAAGGAAAGACTTTTCATCTTTTCCCTTGTGAATACAATTTGCATTACTGACATTTTTATAAACTTAGGTACTGTGAATATACATAATATCTATGCAACCTGTTTAACCTT,0
9ed3e4f1b828493a,chr12,47843775,-,VDR,PolyA_DB,TGCTCCCCCACCCCCTCCCCAGGGGAGAGGGTCTGGAGAAGCAGTGAGCCGCATCTTCTCCATCTGGCAGGGTGGGATGGAGGAGAAGAATTTTCAGACCCCAGCGGCTGAGTCATGATCTCCCTGCCGCCTCAATGTGGTTGCAAGGCCGCTGTTCACCCACAGGGCTAAGAGCTAGCGCTGCCGCACCCCAGAGTGTGGGA,1
1cf3b1041e07300d,chr11,31448573,-,IMMP1L,negative,AGCATCTCTGTTGAAAGAGTAGCAGGTTGTCCTGAAATTTGTATGTGTTGCTCACCTGGAAATATTTTAACCACTCAAAAGTTATAAAGTTAGTGCTATTGGTATGAATCTAGAGAGGCAGGATACAGTTGAGTAAAATGAAAATATTATATGTATTTTTATCTGCAAGTTATCTGGGACTTCTGTACTTTAAAGTTGCTTAA,0
1755727ae90b2f67,chr15,93035306,-,RGMA,PolyASite,GCCTGTACTGTATTCAGAGGGGACCCCAATCTCTCTTCCCAGCTGCAGCGGTCCCTGTCCAACACTGCCCCCCACCTCAAATAAAGTCTTTCTTACTGTCTTTAACATATGCCGTCAATAAAGTTTTAGCAGATCCAATTCCCTGCTCTGTGATCTTAGGCAAGTTACCTAACGTGTCTGGGCCTCAGGATCCTCAGCTGAAA,1
1e114ff7896fa202,chr1,151034936,+,PRUNE1,negative,ATCTAGTTTGGGAACAGATTAGAGGCCATTGTCTTCTGTCCTGATCAGGTGGCCTGGCTGTTTCTTTGGATCCCTCTGTCCCAGAGCCACCCAGAACCCTGACTCTTGAGAATCAAGAAAACACCCAGAAAGGCCTTAATGACCTCATAGGCACTCTTCCAAAAAGACAACAGAACTGGAATGAGAGGCCTGGGTCTGTCTCC,0
5b05868d891cae42,chr6,30156133,-,TRIM10,PolyASite,CAGTGAAGGAAATTTCACTCTAATCAAAGGCTGACCTTTGACTCTCCCCAAAATTATTTCCAAGTGGAATAATAAATAAATGAACCCATTTCTCTATTCACTAAGCAGATATTTCTTGAGCATTTACTATGTCCTGGGCTCTGCGGGTACAGAGGTGAGCAAGGCAGTCATGGTCCCTGTTTGATCAGGGCTAGGGCAGTGGG,1
8d7ee14d947c4cfe,chr11,9739621,+,SWAP70,PolyASite,TTATCAACTGCAGAGAAATAGGCTAATGTGTTTGTTATATTTAGGATGTTCTTGTCTTGTAATTTTTAAGGCAGGGATTCAAAACTCTGTAATCCAGAAGGGAAAAACCATTAACGTATACAGATTAACTGAAATGCTTGAGTTCCTCTAGGGCTGGAGGTGCCCCAGGGAGTGGAGACAGCCAGGGAAGTGTGGGAGGAATC,1
6527c5000249422b,chr12,130437057,-,RIMBP2,negative,GCCGTTCCCCCCGAGCTCCTGGTGCCTCCTACCCCCCACCCGAGACCTGCACCCCAATCAAAGCCATTAGCAAGTTCTGGAGTCCCCGAAACCAAAGACGAGCACCTGGGTCCCCACGCCAGGATGGATGAGGCCTGGGAGCAGAGCCGTGCACCTGGCCCTGTGCATGGGCACATGCTGGAGCCGCCCGTGGGCCCCGGAAG,0
a1ee5d0134281d1b,chr11,17400567,+,ABCC8,PolyASite,CCAGCCTCGGAGCCATGTAAACCCAGGTTGGAGCCTGAACATCACAACTTCCTGGCTGTGTATCAGGACTGAGACTCAGTTTTCTTATGAAAAAAATGGGGAAGTGATAGTTCCTACATGAACGAAAACAACCTCCGAGCCCGCCACTGAGCCCAGTGCTGGGCACTCTTGAAACTCTTTTGGGAAAAAATAAGATCTCTTAG,1
dfcd49b986bfeaab,chr7,56011456,-,PSPH,negative,TGATTTCCTGGAGAGGTTTTTTTTTTTTTTGAGACAGAATCTTGCTCTGTTGCCCAGGCTGGAGTGCAGTGGCGCGGTCTCGGCTCACTGCAAGCTCTGCCTCCCAGGTTCACGCCATTCTCCTGCCTCAGCCTCCCGAGTAGCTGGGACTACAGGCACCCGCCACCACATCCGGCTAATTTTTTGTATTTTTAGTAGAGACG,0
548dbd5e8dc8750d,chr5,117328497,+,ENSG00000285809,PolyASite,TAAATGAAAACCTGGTTCATAATGGGTCCACTGGGTCCCAGATCCATCTAGTCATCATCTCTCTAATCCCCAAATGCATAATTAAAATCAGTCTATTTGGCAATTGGATTAATTGTTTCATTCATGGTCTATAGAGGAAGAACTATCATTAGACGAGGACGACCAAATGGAAACTTCTGAAACTGCCTTTCTAGGACAACACA,1
064c762df072150b,chr1,164769092,+,PBX1,PolyASite,TTGCAGTGAGCTGAGATCACACCACTGCACTCCAGCCTGGGCAACAGGGTGAGACTCTGTCTCAAAAAGAAAAAAAAAAAAGAGGAAAGAAGGAAAGAAGGAAGGCAGGCCAGCCATTCAAATTGATTCGAACATCAGATTCTTTGAACTTGCACATGTGATGTGGTTTGACTCCCTTATAAATACATCGAATTTGGTGGCTT,1
7f286511108cd477,chr12,124937892,-,,"PolyASite,PolyA_DB",TTTTAGTAGTGGATCCTAACTGTTCTGCTATTCCTTTAATAGCATCTTTAAGTATAGTTAATAAATTGTTGTTGATAGTAATAAATATTGTTTATCCAATTTACATTCTTATTAATTGTTATTTGTGGGAGAAGGGATTTGAACCTCACAGCTCTCTGATTTCTAGCTTTGAATTTATCTGATATACCTCGTGGAACGTCAGT,1
058cdbab55262258,chr18,33852734,-,NOL4,negative,ACGACCACCATATTCACTGAGGTCTAAATTTGCAGTTTCCACTAATGACATTTTGATTTCCCAACAGAGATACTTCTGGTCTTACTGCACAGTCTTTTAAGAGAAATACTTCCATTATGCCACATTGTCCTTGATCCGTAAGTGATGTGTTAAGGTGCTTCAAAGGAACTCTGACCTCTGAAGTACTTGAGCTACTTTAGTAT,0
8f1542ff148ddde6,chr14,92939717,-,ITPK1,PolyA_DB,TACTCCCAGTCCTTAAAAGACGTTTAATAAAACAGCTTTACCTTTTAAAAATAAAATTTCAATCCCAGTCTGCCTCAGGTACGGGTGGGGGTGTGCAGCGTGACTCCTGGCTGTGTTCCTGTACCGTTTGTGGCCTCCGGGGTCTTGCGCGTCCAGGGCCCAGATACCGAGTAACTGCCATGTGGTGTCGTGGTGGCGTCCAT,1
247b47f8f9060e32,chr6,8089957,-,EEF1E1,PolyA_DB,TACAAGGTGCCTTTTGTAACAAACCTGCACGTTGTGCACATGTACCCTAAAACTTAAAGTATAATAATAATAAAATTTAAAAAAACTTTGTCTTGAATTTAAATCAGATTTGCATTTTCAGCTTATCAGATAAAAATGAAAGGAATTCCTTTCAGTTGCTTCCTTTTCCTTGACCTTGATTTTTTTCCTATGCTTCTGCCCTT,1
8df93152f1c5a44e,chr19,34227672,+,LSM14A,PolyA_DB,GGAAGGCTCATCTTAAAACATGAGCATTAAATATATTTGGAATAGCAGAAGGTTAAGTAATTTCTTATGTATAGTTAAACTAAAGCAGTACTTCAGTGGGACTTAACAAGTATTTTTTCATCACTGAAAGGTTTTTTTTTTTTATCACTAAATTGTATTTGGCAATTGCAAGTTGCCTGCAGATAGGGCCGTGATACTGTGTT,1
9ca9bfb69f98591b,chr21,37195851,+,TTC3,negative,GAAACCACGCAGCACTTCACAGGGATCCTAGTGTGTTCTCTGCTGGTGATTCCCCAGGGGAGGCTCCTTCTGCGCTGTTGCCAGGGCCACCCCCTGGTCAGCCTGAAGCCACTCAGCTGACAGGGCCAAAACGGGCTGGCCAGGCAGCTCTGTCAGAACGAAGCCCTGTGGCTGATCGGAAGCAGCCTGTTCCTCCAGGACGT,0
ec774996a261bcfa,chr20,16741165,-,SNRPB2,PolyASite,GAAGTCATTTGATGATAGGGAGATGGGTCAATCAAGAAAGCATTATATACACAGAATACAAATAAAAGTTTATTGTACAAAATTAAGGCCTTCGTATTTCATAGTTCACCAAGGCTAAAGAAACACTGGATAATTTAAGTCCTTCACAAAAATTTCACTTTTACTCCTCCTCATCTCTAACTATTAAAATGACCCAGCCAAAT,1
574296c2eba714b9,chr19,49933589,+,ATF5,negative,CGAGGCCCACAGGGAAGCAGCTGGGAGCTTGGAAACCTGGTCTCTTGAATTTCAAACCTGGTTTCTTACAGGTGGTTGTCTGGGGTGGGTGGAGTGGCGACAGGATAGAGCTGAAGGACTATGCAAATGAGGAAGTAAGTCAGGGCGGGCTTTGAGAAGGGGACCCATATCCTACAGGCAAAAAGCAGGCTAGGTGACCTTGG,0
98d28d20b7e5efd9,chr11,93730822,-,TAF1D,negative,TCTTTAAAATCAGTGAGATTTGAAAATTCTCCTAGATCTCTTGAATCATGCAAATTTGCTTTGCCTTTATATTGTAACCCTTGTGGGTTGCTAATAACCAAGCAGTTTGTAGTAGAGTTAACTCAGGCTCGTTCTAGGGACTCATTCATGTTCACTCACTGTACACTCATCTCTGGAAATGTAAAATTTACTTTTATACTATT,0
a8256c680d4ef29a,chr15,82840937,-,HOMER2,PolyASite,ATACCTAAATAAGATGAATAGTTGGGTAATTTTTTTTCTGCTTTGTCAGTTATTGGTGTTTGTTAACTTCTTAAAAAAATTAAAAAGAACTTGGGAAGCTCTGTTTTTCTATGCCCTGGAAACATTTAAATATTTAGAATTTTTTGCTCTTTGAAGTTTTTATAACATGTATGAAACTGTCCAAATCTAGTAGTGCCTTTTTA,1
eb0f2832c0d5c402,chr14,65076290,-,MAX,negative,CCATTTAAGAGACTCTTTATTTTTCTCTTTCTCCCTTTTTTTTTTAAATTTTTATTTTTACGTAGAAGCTCTTGGACAACAGCTCTCGTTCTCCTTCCCCATTTCCACTGTATATTTTTTAATGTATTCCCTTCAGGGATTCCCTGTCCCCAACAGGAATTTTTAAACCAAAACACCCCAACTTGGCAGCTTTTTCTGTGGAG,0
a80e72b5d39dda1e,chr3,138633376,+,FAIM,PolyA_DB,AATGTAAAATGTTTTAAAGACAAATGGCAAATAAGATATGGACCAAAGTCACTAATGTTTTACAACAGTAACCTTTACTATAATAAATACTTTTAAAAAAATCTGCTTGATTTGTGTTTATATGTATGGGTAAGTATGTGTTTTTAACCTGTGCAGATAGGTTTTCTCTCTAGTTTAAAGCAGTTGGTACATAATGATACAAT,1
a00d4a45e140a8ff,chr18,24155936,+,CABYR,negative,GAACAGAATATAGTGACAAAACCACCCAGTTTCCATCAGTTTATGCTGTGCCAGGCACTGAGCAAACGGAAGCAGTTGGTGGTCTTTCTTCCAAACCAGCCACCCCTAAGACTACTACCCCACCCTCATCACCACCTCCAACAGCTGTCTCACCAGAGTTTGCCTACGTCCCAGCTGACCCAGCTCAGCTTGCTGCTCAGATG,0
3b3a800a9098b30a,chr7,148417363,+,CNTNAP2,negative,GATTCTCAGTGTGCCTAACTTATTGGAGCACATCAGTTTCTTGGGTAATGGAAAACATTACCTAGAGTTGCCAGTGGCACATTACACCAGTACAGAGCACATTCCAAAGGAGACATTGGACCAGTTAATTCCCATACAAGTCAAGGTAACAGAACAAAAGGGAATCCTGATGCCCTTTTACCATTGCTGGTTGAGCTCAGGCA,0
85dae65fbd22e49d,chr7,107759516,+,CBLL1,negative,CCCTAGTTTAGTAAATTGACCCAGAGGTGACCATTTGTAAAAAATTTGAAAAAATTTTTCATTGTTTTACTTCAAAAGTATTGTTTTGTTAAACCCAACGTTTAGTTTTTCTTGTGATACATTTTGTTAACCTGTGTAAAAGGATTAAATTTCAATATGGTTGTAAAAATGCTATTTTTATGTGAATTTAAGTGCAGCCACAT,0
e685b625549cc168,chr14,83087641,-,,PolyASite,ATTTTCCTTTCCAGATAAAGTAAATTTTTCAGCTATCTTGTAGTAACCTTTCAAAACTTCAAATGTTTCTAGTATGCTTTTAAAAAGTAAAAAAAAAAAAGCAAAAGTATTAAGTTTTTATAAAAAAGACATATTTTGGTTTAAAATAGCAAAATAAAGAAAATAGTGAATTAGAAAACCATGGATGATGCCTTTTTTTACTC,1
10dca46227b02f20,chr8,17225612,+,CNOT7,PolyASite,TGCTTTTATACTAAACGTTAAATGTAACTAATGCTGTAGAAAACTGTTTAAAACAAATGGAAATTGTCTAGTGATAATGTACATGAATCTTGTTTTCTTGGAATTTTCATTCTATGGTGACATTTTTTTAACTTTCAAAACCTGAAATGAAAATTCTGCAGGATTTGGATGTGTACAGTCCTACGTTTCTATAATGTCTTAAT,1
639e8a4c55be5faa,chr3,25794216,+,OXSM,negative,TGCAGGTGTGCAGCCTGAGGAGATATCCTATATCAATGCACATGCTACTTCCACACCATTGGGAGATGCTGCTGAAAACAAAGCTATCAAACATCTCTTCAAAGACCATGCATATGCCCTTGCAGTTTCCTCAACTAAGGGAGCAACAGGACATCTGCTGGGAGCTGCAGGGGCAGTCGAGGCAGCTTTTACCACATTAGCTT,0
b45bece75f17281d,chr4,69955483,-,CSN2,negative,TGAGACTGGAAATATGATGCCTTTTCCGTCTTTGTATCACGTTACCCCAAATTAAGTATGTTTGAATGAGTTTATATGGAAAAAATGAACTTTGTCCCTTTATTTATTTTATATATTATGTCATTCATTTAATTTGAAATTTGACTCATGAACTATTTACATTTTCCAAATCTTAATTCAACTAGTACCACAGAAGTTCAATA,0
b83dba759c05d9df,chr19,52641401,-,ENSG00000269825,PolyASite,GAAATGCTCTTCAACTTTGTGTGCTTAGATTCCATTTATGAATGATATATTTCTAATATTTGATTAAAATAAAAACCCATGCTATGTAATTTTAGCCAATTTAAAGCTGCAAATAATAAATGATCAATTATATACATACGTGAAACTTCCTAATATTTCACTTAGTATTGCTATTGCTATGTTCTTGAGGCAGACGCTCAGTC,1
1941b2bc9a4d8814,chr14,88185000,-,KCNK10,negative,TATGTGTAACTAGCGTTGGAGTTGACATTTTGGCATGTGCTCTGAGCTTGAATTTTGATACCAACCATTCAGTGCATCATACCTAGTCTTTCTATGCTCCAAATGAATGTCTGTGGGGACCTGAGAGCACCTGGAATTTGTTGGAAGCAGATCAGAGCACACGTACGAAAAGGTGCAATTGCTTTTCTCATGACAAAAGAAAA,0
3ff400892fc7b50c,chr15,54459798,-,UNC13C,PolyASite,AATTACCAGATAAAGAAATCAGAAGTTTGATTGTTATTATTTAGCTACTCAAGAGGGCACCAGAGAAAGGTGAAAAGTAACTCAAAGAAATAAAAAAAAAAGAATATGGATGCAAAAGTCTCCAGATAAATAGACATCATAAAGAAAAGACGAGCACAACTTCTGGAAATAAAAGACACACTTAGGGAAATGCAAAATACACT,1
4ab77c9f11d3cec5,chr3,25597671,+,RARB,negative,TGATTCATGCCTGATATTGGGATTTTTTTTTCCAGCCTTCTTGATGCCAAGGGGCTAATTAATATTAACAACTCCCAAAGAAACAGGCATAGAATCTGCCTCCTTTGACCTTGTTCAATCACTATGAAGCAGAGTGAAAGCTGTGGTAGAGTGGTTAACAGATACAAGTGTCAGTTTCTTAGTTCTCATTTAAGCACTAGTGG,0
1b004de5220297b2,chr1,22913172,+,EPHB2,negative,AATGCCAGCTACTCGGGAGGCTGAGGCAGGGGAATTGCTTGAACCAAGGAGGTAGAGGTTGCAGTGAGCTGAGATCACGCCACTGCACACCAGCCTGGGTGACAGAGCGAGACTCTGTCTCGAAAAAGAAAGAAAATGTAAGCTGGCTTCCCCCTCCCAATAGCAGGGGAGAGAAGGCCCCCTAGGGACCCTGATTCCGACTC,0
95d42bc55332af5f,chr1,209746454,-,HSD11B1-AS1,PolyASite,AGTATACTGAGTTTGTAACTGACTCTAACTGCTTCTTTGGGTCTTTATTTCCTTATGAGGTTCTCCTGTGCCATGCAAAATTTCTATTAAATAAATTTGTTTGCTTGTCTTCTGTTAATCTGTCTTATATCAGTTTAATTCTTGGGCTCAGCCAGGACTCTCTGAGAATGGAGGTGGAGTTTTGCTGCCCCTATATTGTACAT,1
a3cee7ce0f566274,chr11,71263737,-,ENSG00000302229,PolyA_DB,GGGTGCATCTGTCTTTGCTCCTCTGTTTGCAGAAAAGGAAATAAACAGTTTTGATTTTATTTCATCATCTTGAATTATCAATAAATAAATATATTAATGCACAGCCATGTCATCACCACACTATCCAGATAAAAAGCAGTTCCATCGCCCCCAAAATTCCCTCCTGCTGCTTCTCTGCAGCTTCTCTCCAACCCAAACCCTAG,1
9f6ef6aa10075c12,chr12,6907708,+,LRRC23,PolyASite,CACCTAGCAGGGCTGATAATATATAATGTGTGGATAATACAGAGATAATTTACCTTGATACAGGTAGTAGCAAAATGGACCATAATTGAGGTACAAACATCAGTCTGTGGAAATGTTTTAGGAAAACCCTCCTCTCAGACTGGGTTTTTCTTCAGCTCTTACACTACCACCACAACAATCATCAACATACGACTTCCGGGACC,1
ff967353912c6282,chr5,154875915,+,CNOT8,negative,TAATCTCTGATAATGAAGATTCTTACTCTGATTCTCAGCTGAGCTGTGAGGGCTTCCAGGGAAAATGGAACAAAATGGTGTTCTTAGGTAATGGGTTGTAGATACTGAGTCTTCCTTTCCTTTTCTGACCCTTCTCGAGGACATTTGCTTTCCTCACACTTTTGTAGTCTCTCTTTACATATTACTATATGGAAATGAATTGC,0
b2b84b80e2f0ae34,chr14,24124865,+,DCAF11,negative,GGCACGGTGGTTCACACCTGTAATCCCGGCATTTTGGGAGGCCGAGATAGGTGGATCACCTGAAGTCAGGTGTTTGAGACCAGCCTGGCCAACATGGTGGAACCCAATCTCTACTAAAAATACAAAAAAACTAGCCGGATATGGTGGCGGGTGCCTGTAATCTCAGCTACTTGAGAGGCTGAGGCAGGAGAATCGCTTGAACT,0
709dd06a98fcbb78,chr8,93816573,+,TMEM67,negative,AAGACTCAGTATAATCATGGCCAAAAAAAAGTCATGATATCAGGTTAGTTTGCCATATTTTTTAAAACTTATAATGCAGACTATTCTGTTTTTGTTTTTTATTTGCAGAAAGATTTATTTTTATAACTTGGGAATATATAACCTGATATAATAGAAAATACTGTTTTCCCATTGTGTGTAGTATTTAATGCAGTAAATAATAA,0
d9b539b388aacdd4,chr9,69254853,+,TJP2,negative,AATGTGAAAAAGGAATAAAAAATACTGTTGGGCTCAAACTAAATTCAAAGAAGTACTTTATTGCAACTCTTTTAAGTGCCTTGGATGAGAAGTGTCTTAAATTTTCTTCCTTTGAAGCTTTAGGCAGAGCCATAATGGACTAAAACATTTTGACTAAGTTTTTATACCAGCTTAATAGCTGTAGTTTTCCCTGCACTGTGTCA,0
727367a276bd6927,chr8,53967278,-,TCEA1,negative,TTTTGCAGAAGAACACTGTTGTAGTTTAGAAGGCTTTTCATAAATCCCCTCATAGGCAAAGATGAAAACTTCCCACTATTTTTTTCCCCTCTTAGGAAGACATACTGGAAAGAAAATGTTTAGCATCTTAGTGTAGTATAGCTATTGTAAACAGTTCATGACTAGATTTTGATTCGGAAATCTATACTGACCAAGGATTAATC,0
35bc7a92d7eca45a,chr16,57512399,-,CCDC102A,negative,CTTTGGACCCATTTGGTTTTATAAATACAGGACAGCTCCAAGGCCCAGTCCAGATGACCTCACCCACCCAGGACTTCATGCAGGGCTGGGCATGTTGGGGGCAGTTGTTGGAGCCCCACCCTGGGCTGCCTCTCTAGGCTTCGCTGTTCATCATACAATGCAGTGAACCCAGTTATTTGTAATAAATGAAGTTCAAGTTCTTG,0
25e5cdea0a06b323,chr7,63377891,-,VN1R32P,PolyASite,GCTCCTGGGGAAGGACCATTGCTGTGAAGGTGGTGGGATCACCTCTGAGGCCTGAATAAGAGAGTCACCATGTATGCAATTAAGAACAGCAGTATTCCTACCAGGAAAGCATCCCTAAGTGTTGTCAGAATAAGAAACGTGGCCCTGAGGATGAAGCTCATGGAGAAAACTGAGCAGTACTTACCTATATTCAGTACATTTGT,1
b6d90eb4834f8ba1,chr2,96706666,-,LMAN2L,negative,ATGGAAACTTCTTCCCTGCCTTACCTTCCTTTCACTCCATTCATTGTCCTCTCTGTGTGCAACCTGAGCTGGGAAAGGCATTTGGATGCCTCTCTGTTGGGGCCTGGGGCTGCAGAACACACCTGCGTTTCACTGGCCTTCATTAGGTGGCCCTAGGGAGATGGCTTTCTGCTTTGGATCACTGTTCCCTAGCATGGGTCTTG,0
d76288cbcd219f87,chr1,246685001,+,ENSG00000235021,PolyASite,CAGCACCTTGTGACCCCCGCCCCTGCCCGCAAGAGAACACCCCCTTTCACTGTAATTTTCCACGACCTGCCCGAATCCTATAAAACTGCCTCACCCCGATCTCCCTTTGCTGACTCCTTTTACGGACTCAGTCTGCCTGCATCCAGGTGATTAAAAGCTTTATTGCTCACACGAAGCCTGTTTGGTGGTCTCTTCTCAAGGAC,1
f23c13c2a1b6f21c,chr18,34891405,+,ENSG00000278464,PolyASite,GGACATGTTATATTTTGAAGTGATTAAACTATTTAATTGTGTGTCTATATTTTGGAGTGGAATAATTTCTTCATTAAAAAATGTTTTTAAAAACACTATATCTTGGGTGGTTTATTCCTTTGTTTCAGTGAATCTTTCCTAAAGCAACGTGGAGTCAGTCTGTTGAAAGAAGGAAGGCAGGTACTTGCAGTTTAAAGCAGGAC,1
f97dc325af33e372,chr21,33072156,+,OLIG1,negative,ACCGGGAGCCCTGAACCGCCCGCTGCTCGGCGGATCCCAGCTGCGGTGGCGACGGCGGGAAGGCGCTTTCCGCTGTTCCTCAGCGGGCCGGGCCCTTGACCAGCGCGGCCCGCAGGTCTTCCTTCTCGCCGTCTTGCAGTTGAAGAGCTACATACGTAGTCAGTTTCGATTTGTTACAGACGTTAACAAATTCCTTTACCCAA,0
a91d3005e803fb6d,chr5,7878212,+,MTRR,negative,AGTCGAGCTTCTGAGATTCGATGATTCAGGAAGAAAGGATTCTGAGGTTTTGAAGCAAAATGCAGTGAACAGCAACCAATCCAATGTTGTAATTGAAGACTTTGAGTCCTCACTTACCCGTTCGGTACCCCCACTCTCACAAGCCTCTCTGAATATTCCTGGTTTACCCCCAGAATATTTACAGGTACATCTGCAGGAGTCTC,0
8d9a1e8d0d2ae378,chr3,9470652,+,SETD5,negative,GGTCATTCTGACCTGGCTCCTCATCCCTCCCTCGGACCCACTTCTGAGACTGGTTTCCCAAGCAGAAGTGGAGATGGACATCAGACCCTCGTGAGAAACTCAGACCAGGCATTTCGGACAGAGTTCAACTTGATGTATGCCTACTCCCCTTTGAATGCTATGCCTCGAGCAGATGGACTGTATCGAGGATCTCCTCTAGTGGG,0
fbef7c3b8d101df9,chr12,109277954,-,,PolyASite,AGACTCCGTGTTTGGGCAACATCAAGACTGTAAGTGTAGAATTGAGCAACTGTCTTCTATCAATAAAGGCTGAATGGCAGCTCTGTGGCTCGTGAGAAGGTCAAAGGGAGATAAAGGATAATGACATCACTCACTCACCCCTTACAGGTGAGATCCCATTTATAGATGGGGAAATTGAGGCCCAGAGAGGTGACACCACTCAG,1
2d6aa97382f13439,chr14,73898522,-,ENSG00000258891,PolyASite,TTGATTTCATGATGGTATAAGAGCTCTAAGTATATGAAGTTTACACAGAATTTATGTTTTTGCATATTTAAGAGACATTACAATAAAAACAATTCAAACCCCAGGATGTATATTATTTTTTCTTTAAAAGGGGCTCTGTACATTATTTAAAGTTGAGAATTCAGAATACTAGTTGGTTTTGAACACAAATCTGGCATGACCAA,1
def0e547de04dd8b,chr12,121020577,-,OASL,negative,TGGAATTCCAAGGCCAAGTCCTGCAGGACTGGTTGGGTCTGGGGATCTATGGCATCCAAGACAGTGACACTCTCATCCTCTCGAAGAAGAAAGGAGAGGCTCTGTTTCCAGCCAGTTAGTTTTCTCTGGGAGACTTCTCTGTACATTTCTGCCATGTACTCCAGAACTCATCCTGTCAATCACTCTGTCCCATTGTCTACTGG,0
a33428642c325794,chr4,69112917,+,ENSG00000299782,PolyASite,GATTTCTTTCTTCCTGAGACAAAAAAAAAAAAAGAAAAAAAAATCTTTTCAAAATTTACTTTGTCAAATAAAAATTTGTTTTTCAGAGATTTACCACCCAGTTCATGGTTAGAAATATTTTGTGGCAATGAAGAAAACACTACGGAAAATAAAAAATAAGATAAAGCCTTATGAGCTCGTATTGAAATTTGTTGAACTTATAT,1
6836f56b18ee37e0,chr19,41929848,+,ARHGEF1,negative,GAAAATAGGTCTCACGGCAAGACAGCAGTCCCCAGGTGGATATTCAGGGGCCAGGACAGCTCTGTCGGATCTCACCAACCCCACCAGCGCCCAGGTGCTGAGACCGAGGTGCTGAGAGGCTAGAAGAGAACTTCAGCCCTGCCTGACAGAGAAGGTTCAGCCTCACTCCCGCTCACCACTCACTCAGGCAAGTCGCTAAACAT,0
aede063d2c6df965,chr2,233295246,+,ATG16L1,negative,CCTCCAACATACTTGTCTGAAGGTGGTGATTCTGGCCATGGCCCCTCTGCCAAGCCTGTGTGCGATGCCCTTGGTGCTTTAGTGCAAGAAGCCTAGGCTCAGAAGCACAGCAGCGCCATCTTTCCGTTTCAGGGGTTGTGATGAAGGCCAAGGAAAAACATTTATCTTTACTATTTTACCTACGTATAAAGTTTTAGTTCATT,0
cd86e33cf2761cb3,chr12,130140677,+,ENSG00000276122,PolyA_DB,AAACCAAATCAAAGCTAGATGGCTTTTCTAACATGTTATATTGTATTAAAGATTGAAAATGACATTGAGAAGTAAAAATAAATTGGAAATAACTGGAAAAATCTAAATGTCCAGTAACATTGGGGGATTCATTAAAAATTCTGACCCAATGGAACGTCGACGAGCCACCACAATGACCTTTTTAAAGAATGTTCCCTGCTGGG,1
cd95efb72328ecb8,chr3,62263274,+,PTPRG-AS1,PolyASite,TTGGGAGCCAAAATTTGAATGTCACTTGGTTACACTGACATTGTTTTTAACCTGTAAGGGCCAAATCTTTTAATACAAATGAAAATATTGGGAATTGAATCAAGCAAGCTGAATTTCAAAGCATTCTTTCAAAGACTACATAATTGGCTTGTACCTTAAATGATGAGCCTCCAGGCCTTTTGGTCCATGTGCTTACTCCTATC,1
7ef663b8aee632e7,chr11,61968920,-,ENSG00000303760,PolyA_DB,CTCCTCCTATCCCAGACTGGGTAAGGTACTCCTGGTCTAGCAGCATCCTTCTGTTTACCTTATTCTTGTAGCTCTAGCACCACTAAAACGTTTTTCCTGTAAATAACATAGGTGCATTTTTAAATGAAACCGTGAACAAGAAATCACCCTAATTCCGTCGGCAATTTATTTTAGTATTTCAGTAGAGTTGCTTTTTTAAACTA,1
c7efe6cf7b301be1,chr12,121423875,+,RNF34,negative,TGAGCTTCCCGGGCTCAGCTGGGCTTTATCACACATCCCGTGAACACTCATTGAAGTCAGCCTGTTTGCGCCATGTGGGCATCAGCCACTGCTGTCTTGGGAGGACACTTATCCTGTTCTCTTATTTCCCCTTCATCCTATTTTTAACTTAAACTGCTCAGATGTTTGAAACTTCTGTCCTCTTTGGATGAGATCAGTGTCCA,0
ccf73eeb5622bc9f,chr19,50134583,+,ENSG00000287001,PolyA_DB,AGACCACGCCATTGTACTCTAGCCTGGGCGACAGAGCGAGACTCCATCTCAAAAAAAAAAAAAAAAAAAAAAAAGCAAAAACAAACAGGTGACATTCATTTTGATAAAATAGCTGATTTAACCTAATATACCTAAAACATCATAATTTTAACATAATCAATAGAAACATTTTTGCAAGATTTTATGTTATTTTTTTACCATAC,1
e51762461d9f3492,chr14,69461894,+,SLC39A9,negative,CAAACCCCCAAAGGATGTTCCTGCCTTGTGGGCCCCTGAGCCCCTTGGGAGACTGAGAATCATGACCAGATTCATCCAGAACTGCTGCAGTGTTAAGTGAAAATCCTCTGTAGTTGTTCTGCAGAGGAACCTTCCTTCCATTAGAAAATTTCTGCTCAATACAGAATGGTCCACATCACCCAAAGTGCACTGTTGGAGATGCT,0
054dfaca82324025,chr9,121179088,-,RAB14,negative,TAAAGAGAGGTCTACGTATGTAGCATATAAAACCACATCACTAAGTAATAGACCCACAGCTTTATTCTTGTGTTTACATTACCCTTGAAATGTTTTCAGTCAACCCTTTTCAGTGTAAGATCAGCACATTTGGTGGCTGATGCTGTTCTCCTTTGACTGTACCGGGAGCCAGATTCTATCATATGCATGTGTAATCCCCTGTA,0
ab1ebe50c64bd4fb,chr5,53097318,-,MOCS2,negative,GTTATATGTAGTGAAAACATCTTTTACCTAAGGAACCCATTTATTCAACAAATATTTATTGAATGCCTGTTTTGTGCCAGGCACCCACCCAGTGATCTTTTTCTGCCAACCTAAAATACCTTGAGGAACACTCTGCATCTTATCTGTGGCTGGGACCCATAGGACAGCCACACTGACTTTAGGAATCACCTGGTTACATCAGT,0
465985a812e50633,chr11,82824611,-,PRCP,negative,CTTTGCACCACGTCTAGGAAGAATCTTCTTGATAGCTCTCCCACACCATCAGTGGCCCTCATAACTGGAGTAGAGTTCCTGGTTGCTTTTCATAAGAGGGAGAGTTACTTTCTTTGTATCTCTGCAAGCAGAGATTTCTCTTTGGTTTTGAGGTTGAAGTGTCTTTGGCCCATTTGTAAGTCCCCATCCCTACCCTACACAAA,0
f78502961b09ea9c,chr1,169387975,+,BLZF1,negative,AGGGGATTCTGTATTCCAAATGGATACAATCCGACATATATAAAAGAAACAGATTCTTAACTATTGACTCTTATTTAGCAAATGCAACAGACAAGAATATCCAACTTGATATTTATAAAAGGTAGACTTTTTCCAAAAGTGTATAAGCTCAAAGAAAAAATGCAACCTGTCAATTAATATATACTATGTAATATATATTATTG,0
cc3b2bd60f7e5cc2,chr19,17989479,-,KCNN1,PolyA_DB,CCATGCTTGTACAACAACATCTGTGCAGTGTGTGTATACCTAACACACATCACTCATGATGGGCCAGGCCCCTTCTATGCACCATGCAAATGTTTTTAATGTTTTTTGTTTGTTTGTTTGTTTGTTTGTTTTTTGAGGCTCTGTGGCCCAGACTGGAATGCAGTGGCATGATCTTGCCTCACTGCGACCTCCACCTCTCAGGT,1
4e6ab95fdcd22171,chr11,34662507,+,ENSG00000309708,PolyASite,AGGATTCTGTTGCCTTATTGGGAACTGTGAGACTTATCTGGTATGAGAAGCCAGTAATAAACCTTTGACCTGTTTTAACCAATGAAGATTATGAATATGTTAATATGATGTAAATTGCTATTTAAGTGTAAAGCAGTTCTAAGTTTTAGTATTTGGGGGATTGGTTTTTATTATTTTTTTCCTTTTTGAAAAATACTGAGGGA,1
593da1adddb8b111,chr1,52423447,+,TUT4,PolyASite,TTCAAGTTTGAATGTTCAATATACAAGTATGGAAAAGAAAAAAAATCTGAATCTTCATGTTGTAATTTTATTTTATTTTTTTACCTTTTAAAAAGTTTTTGGCACTACAAGGTTCTGTAAAGAATAGAAGTGACAATTTAAAACACATGAAATTCTTTCCTAACTTTTAAGAACAATATATAAAGTCTGAAGCAACCAAAGTA,1
7e2eaeab1262fe05,chr15,58061626,+,ALDH1A2,PolyA_DB,ACTAGTTCATATTTTCTCCATGGTTGCGAGAGAAGCAACACAAAATATAAAGATTTAAACTCCTTCCCTCAAAAAAAAAAAAAACAAAAAAAAAAAAAAAACGGAACAAAACGATGAAAAAACAACGTGCCACAGACCGTTAGAAAAAGTGTATGGTGATGAAAACTATCAATTTCTTTAAAGTCAAGGCCAATGTCTTTCTT,1
e69f840a00477d4a,chr11,58421937,-,OR5B2,negative,CAGTGCAAACATACTTGTTAAACAGGGACACCAACAAGCCCACAAAAAAGTACATGTTTATGCCTCTTGTGGGCACATAGGCATTAGAAGGAGAAATTTACTCAGAAGTAAATGGAGTGTGGCTAGTTTTTATATAAAGGATGTAAGTAATTAATTTAGTATTATAGTATAAATTTATTTTTGAATAGACTTTAAGAACAGTT,0
0fb9736b971409e0,chr1,213057753,-,RPS6KC1,PolyA_DB,GGAGGTCAAGGCTACAGTGAGCCATGATCACGCCACTGCACTCCAGCCTGGACAACAGAGGGAGACTCTGTCTCAAAGGAAAAAAAAAAAAAAAAAAAAAAAAGATACTTCAGAGAATTAAAAGATATGCTCTAGATCAGGAGAAAATATTTACAAATGTCATATCAAACCCCAAAAAAAAGATACCCAGAACATAAAGAACT,1
4f459e8d3e79761f,chr20,22074655,+,LINC01432,PolyASite,CCTGACCAGCAAGATCTCACCAGAAACCACCCCTGCTTGCACTGTGATCTTGGAATTCTAGCCTCTAGAACTGTGAAACAATAAACTGTTGTTTAAGCCACTTGGCCTGTGGTATTTTGTTACAGCAGCCTGAACTGACTAATACAATCACTAAATTATCAAAAAGTGGAATTAAAAGTGTTATATCTGTTTCACTCAAGATA,1
1faa8b5fc7248308,chr7,22419630,-,STEAP1B,negative,AACACCACCCAGTGCCCTTTCCCTCTGCCACAATGAACAGCCATGCTGCAGGTGACGGCTGCTCTGTCAACATGGATCCGGCAGGGCAGATGAGTGGATCCCCCAGCGGACTCATGAGAGAGCAAACAAAAAGTCCATATGTGTTGTGCTAATCCACTGAGATTGTGTTGGTTGTTACGGAGCCTAACCTAGCCTATCCCGAC,0
db3880f6ae9a6252,chr8,119731425,-,TAF2,negative,CCAAATCTGTGGTGCAACCACTATCTCCAGTGAAATATTGTATAACACCATTTGGAACTACTGAAAAGACAGTGGCTTTTCTACAGTACTCTTCCTTATTGCACCATTTTTGTATTAACGTAGAAACTAAGCATCAGAATTTATGAACAAAGAATATGTTATTTTTCCTTTTGCTCTAAAATACTGAGATTTGGGGAAGCAAT,0
490a38c6a256566b,chr2,229024551,-,PID1,negative,AATCTGATTTGGTATCACCGAGGAAACCTTGCCCCCATCACTCAGCATTGCACTTAGATACAGAATGAGTTAGATAAACTTGGCTTGTCTAGAGACCCATGTCATCTTAACCTAAAGGGAAATCTTATTGCGTTATCATAAAATTGATGATATCTTAGGGTCAGAATTGCCCTTTTTTTTTATTTTGAATGGGAAGTTCTCAC,0
1b8bc7e2d02ccc32,chr3,127035833,+,PLXNA1,negative,ATGTCCTTGGCCAGGCCCAAGGAGAGGACTCGGCCCCATGGGGTGTGCCAGTCTTGCAGTCCGCCCCAGCTGAGTAGCGTGAGCCAGATGACGCCACAGAGACCCGCCTCTTCCCTGAACGCGGGTCGGTGTGGAGTCAGTGACTGCTGACTCAGGGAGCTCCTTGGCCCCGTGGGCACTGTGCCAGGGCTGGGGCCTTCTGC,0
86cc88b10e00d771,chrX,11775271,+,MSL3,negative,ACAGCGCAAACACAATGCCCACCTTGGGGCTCTGTTGTTTGAGTTGCCCACATACTGCAGTTATTCTGTTAGGAATGATTCCCTGGGTGCCTGAAAGTGCTCTGACACGACACTTGTTACTTTGCAGGCCATCTGTGATGGCAAGGAAAAAGCAACTATGTTCACAGTGAAATATTCGTGGAATAGGTTAGGCCATTTCAGTA,0
6395544ad0c0a694,chr12,111550274,-,ATXN2,PolyASite,TTCCCAAATGTGGAAGAGTGAATATTACTTTGAGATGTTTGTGATAGTCCATTCCTTGCTCCTCTTCAAAATTAATGTCATTAAATTTTTATTACTTTATTAGATCTTCATTTCTCAGATAATTTTAGTTCATTATAGAAAGGCAAGAAAATACAGATCAGAGTGACAACTTTGAAAATCTCACTCTACTCATAAGGGGATGG,1
65eae07437ccf3a0,chr4,39121416,+,KLHL5,negative,TGAGGACGAATGCACTGCTCTGGAACATAACCCAGTGCTAACTGGGGGTTTCATTTATTCAGTCAAGCACATCTTACTCACATCCAGATTTATTTTCCTACAGTGCAAACACACCAGATGAAACTTTAAAATGTTACTTTTTGTAAGCTTATCATAAATGAGTTGCAGTAATTTGTTTGCTTGTTTGTTTAACCACAACCACT,0
d65d46c85c7ee926,chr14,74906327,-,RPS6KL1,negative,ACCCCCACCCCCACCCCCCCACCCCCGATTCCTGACCATGCCCCCTATCTTGTGATTTCAGACTTGGGAGAGCAAAAGGGAGGGGAAGAAAATAAGAGTAATGGGGGGAGGAAGGAATGCATGGGTCTGCCCCTTAGAGCAAGTCTGAAACCAGAATCAAGAGTCCTCCTCCCCAGTGGGCCTGTGTGGGGGAAGAGGGGCAG,0
14eb78641d76ab3f,chrX,77899553,+,COX7B,PolyASite,GCTGAAAGCCATTTTGTTTTTCAGCTCACTTCAAGGGTACCTGAAGCGAATTGGCACCAAAGCAGCAGCTGTATTGCCGCAGTTCTAGCTTCACCTTCACGATGTTTCCCTTGGTCAAAAGCGCACTAAATCGTCTCCAAGGTGAGCAAAAATTATGACAAATCATTTACAACAACCTTATATCAATGTGTCCTCGCGGCCTC,1
b34e71a19fdf6ad7,chr13,38359612,+,UFM1,negative,TGATTGTAGATGTTTTTGGCTACAAGTAACAGAAAACCTAATAGTGGCTTAAGCATTAAGAGTATTTATTATATATAACAAAAAGTCTGTAGATAAGATTGCTTTCTAATTGGAGTATTTTTTGACCTACCTCTTAAGGTAGTTGTGAGATAGTGACTGTAAAGTGCTTCATAGCTTGGATTATTTATAGAAAGCATTCATTA,0
5fc71825bf72897e,chr7,90593465,-,ENSG00000223969,PolyASite,TGTAAGTTCAGGGACCCTAAGATATGAAACACACAGTGCCTGTTGCATAGAGAATGTAAATTAATGTTTGTCAAATAAATATAGAATGGATTGCTATCTCTGAGAAGTGATGTGTTGTCCTTGGAAACAAAGATGACTATCCAGCATCTGTGTAGCATGTTTTTTCAGTAGGAGAATGGATCTGTGCCAGTTCTCCATCTCAA,1
a1209314f22e71fd,chr12,109916860,+,TCHP,negative,CATCATTGAAACATCCCAGTGTTTGGCCAGACATTAAGGTGTCGTGAGAGTCCCTTTCATGCCTTTCTTACCCAAGCAAGGGTCTTTGATGGGCACGTGTTTACAGCGCTGCTGCATAGTCTTGTAATATATTAACAGTCACATCAACTGAAGGTCAATACTAAGAGCCACAGGTTGTACCTGTGATGGGGCGTGTGGTTTCC,0
867a037303f20567,chr12,14824182,+,C12orf60,negative,TCCATTTTTGTCACTCATATACCAATTTCTATATACTTCAGTACCTTGACGATCAGAAGCCATCACTAAATATTTTAAATATGATTCATAAGTAAGTGAGAACAGTGAATGAGCAATAATAGACTTTTCTTGCTTATGTGAGTAAGACCAGAACAGATAGTTCATTCTCACTTGTCTCCTGAGGTCTTATGATTAGAAAATAC,0
486b9aeec7b8d139,chr3,158544659,-,RSRC1,PolyASite,ACATTCTGCTTACATTGTTTAGGGTGCTTTTTATTGTGCCTAAAAATTTGCAATATGGTGAAATAAAATATTTAAAAATGGTTGAATACCATACGGAAGATGAAATCTCATATTTATAGCATGTAATTCAATTCTCATGTATGCATAATTAATCAAAATTGTGTCTTTAAATGACATCTTGACATTTTTTGAATTGCACTAAG,1
1e451b5a051c730c,chr4,39212120,+,WDR19,PolyASite,AGCCAACAGCAATCTTAAAAAAGAACAATAAAATGGGAGAAATCATTCTTCCCAATATAAAAACTTGTTTAGCTACAATCATCAAGACTATGTATCATTGGCAGAGGAAAAGACATATCAATCAATGGAACAGAATAGAGAAGACAGAAATAAACCCATACAAATATGCACAGTTGGTTTTTGACAAAGGTGAAAAATAATTC,1
07d65803aba6e310,chr11,1719667,-,,PolyA_DB,TTTTCTTTACATATTTTTATAATAGGCAAGGGTTTTCCAAATCTCCAAGCATGCTATAACCTTCCATTTATGTAAGCCTTCTTTAATTTCTCCCAAAAAAAAACGCTTTATTGTTCTCTGTGTAGTCTTACACAGTTTGTTAAATTTATTTCTAGATATTTGATTTTTATGCTACTGTAAATGTCACACCATTTGAAACATTT,1
6a6bf0ca255de7f7,chr16,89966871,+,DEF8,negative,TGTGTGCTGGGGGAGGTTCCAGTTAGGCGATGGGATCCTGCAGTGGTCTGGTGGCATTTCTTGGAACCAGATTTACCTGAGGAGCTCTGTCCTGCTCCCTGTGGAGGGCTCCAGATAGCTCAGAAATGACCAGCCAATGGCCTTTTGTTTGGGGGCCTGAGGTCAAGAGAGCTGAGAGTATTCGCTCGACTGAGCACATTCAG,0
d3e307ba1d3b38a9,chr1,100191631,-,DBT,negative,ATATACACACACCCCCAGGAGACCTTTTGTCTTTCTTGGTTCATGTGCCCATCAGTGTGGGCAGGAGAATAGAATACTCTGTCCACACTTGAGTCTTAGTCACCTTTGGAGCCTAGGAGTCAGCCATCCTCATTCAACTACATGGATCGAGAATGGGAATCTGGGAGAATTTTTTTATGGGCAGATTAAAAAGGAAGTTAACT,0
2cb8e4b2bdc7682b,chr16,63136365,-,ENSG00000260658,PolyASite,ATATTTTCCTGTGGTTTTCTTCATGTCTCTTCTGTTCAAGGTTTATTAAGTATCTTGGGTATGGGGATTAATTCTTAACAAATTTGGAAAAATAAAAAATTTGGTCACTGTATCTTCAAATATATTTTCTGCCTCATTTTCTCTTTTCTTAGAATTCTATTTACATATATGTCTGTCCACTCCATGTTTTTCTGCCACTCACT,1
14325be20b40e0c5,chr10,104032005,-,COL17A1,negative,AGCAACATTTGTTTTAGTCTGAACAATATATACTTATAGAATTCAGTCAAAGATACACAATCTGAAACAGCTTCATGGGGTGGACTCTAACAGTAGTTGCAATGTTTTAGAATGAGACTTACTTCTCTGCTATCTAGATCTGAACTCCTTGGCTTCTTTACTTAGTTCAAGCCCCAGCCTAGGAAAGCCAGTTACATAAAAGT,0
83e4ad98a8a9e544,chr16,68229536,-,ESRP2,negative,GAGTAACAGATGGCAAAACCACAAACTATTTTGATGGACTGTGCTGCAGTATCACCAGAAGACATTAGGGGGCAGTAGGCCCCCACACAAAACCTTCAGGCTTGAATTTTAAAGGGGAGGACTTTCTGCCAACTTTTCTTGTATGCCTTGGGAAAGCCAGTTGCCCTGAACCCAGCAGACACCATGGAATGTCCTTTGCACGC,0
37d77d6ae6a0f5d9,chr7,48926122,+,CDC14C,negative,AGATTTCAGAACATAGTAGCCATCAGGACCCCCTGACAGATAGCTGCTTCTCTCCATTTCAAGGACTAAAATGGTTTTGCATTAAGTAAAAACCTGTGACCAGAACTGAAGGAAGACTCTAGGAACTGAAAACTGCAACAGAAATTAGCACAATTTGAAAACAAAACAAAATTGCAAAAGACTTAGTTGCTTTCCACCTAAGA,0
0d0fbe4ce79edd55,chr6,152988071,-,MTRF1L,PolyASite,GAACACAGCAAGAAAGCCCTAGTCAACAAGTGCCAGCTCCTTGATCTTAGACTTCCCATCCTCCAGAACTGTGAGAAATACATTTCTGTTCCTTACAAATTACCCAGTCTCCTGTATTCTGTTATAGCAGCACAAAATGAAGATACCATACCTGAACACCTGAACATTCTTCACAAGGTAGTAAATGCACTGCTTTATTCTGG,1
300574eb3427dd8a,chr16,68827439,-,CDH1,PolyASite,TAAAATCTATTTAACTTCCAAGGCTTAACACAAGGGTTACATTTGATCTTGGGATTATTTCTAGGATATACACAATTAACATTTAACTTTAAAAAAAAAATCTCTAAAGCAGCCAGAAAGAAACCACTTAACTTAGAAAATACATATATTATTCACTGTGAATGAAAAAAAAAAAGATTCCATGTGTTTTCTATCCATGGGTG,1
9b3f8ed9f9637276,chr8,70112187,-,NCOA2,negative,TAAATTAGATATCTTCATAGCAATGTCTCCTAAAGGTGTTTTGTAAAGGATATCAATGCCTTGATTAGACCTAATTTGTAGACTTAAGACTTTTTATTTTCTAAACCTTGTGATTCTGCTTATAAGTCATTTATCTAATCTATATGATATGCAGCCGCTGTAGGAACCAATTCTTGATTTTTATATGTTTATATTCTTTCTTA,0
1148138cf240527f,chr7,88200299,-,ADAM22,PolyA_DB,CTAACTTGGCTCTCCCCTTCCATATACTCTACAAGCTACTCAATATCCTGCCAATAAATTCTCTTTCCTTTAAGTAAAATAAAGTAAAATAATCTTTTCTTTAGATAAGAATTTATTATTGTGTTAAATAATAACATAAGAAAATATTTAAAGTACTATATATATGGTTAGAACTATACGACAATAGGAAATGAATGGATAAA,1
dd797a9d2bd673cb,chr1,94530329,-,F3,negative,GCTATATTGCACTGTGACCGAGAACTTTTAAGAGGATAGAATACATGGAAACGCAAATGAGTATTTCGGAGCATGAAGACCCTGGAGTTCAAAAAACTCTTGATATGACCTGTTATTACCATTAGCATTCTGGTTTTGACATCAGCATTAGTCACTTTGAAATGTAACGAATGGTACTACAACCAATTCCAAGTTTTAATTTT,0
8db9d9f1270c55b0,chr10,58369231,+,UBE2D1,PolyASite,TTTTATAAATCTGTATTCAGATTTCATTCTTTGTTAGCTCACTTTATAATTTGTATTTTTTTACTGTATAGACTAAATATATTCTATTTACATGTATGTCAACTCATTACTTTTTTCCTGTGAACAGTATTGAAAAACCCCAACGGCTGATAATTAAGTGAATTAACTGTGTCTCCCTTGTCTTAGGATATTCTGTAGATTGA,1
762b6484337c4c0a,chr22,43973315,+,SAMM50,PolyASite,CTCTATCCCATTGTCTCCTAGTTTCTCTGTAAACTTATATAAAGTTACTGGACAGTTCCCTTGGAGCTCACTGCGGGAGACGGACAGAGGAATGTCAGCTGAGTACAGTGTGAGTAGCATTTCAGTCCTTCCCTCTGGGCTTGGGGGAAAACAGGGTGGCTTTTTCACTGATTCCCAAAGGCAGCAAGAGGGCAGCGTGGAAA,1
a9781e127dfb76f8,chr11,73676312,-,RAB6A,negative,CTTAAAACACTGCAAACAAATATACTAGGAGTGTGCCCTTTTAATCTTTACTAGTTATTGTGAGATTGCTGTGTAAGCTAATAAACACATTTGTAAATACATTGTTTGCAGGACGAAAACTTCTGAGTTACAGCTCAGGAAAAGCCTGCTGAATTTATGTTGTAAGCATTACTTAACACAGTATAAAGATGAAAAGACAACAA,0
4b2a9504720663c4,chrX,106733650,+,RNF128,PolyASite,TGATTTCTGTACATAGGCATAACTTTGTATTCTACTTTTGTAATAGTTAATTTTTTATAAATATTAATGTAGTAATAAAATACAGAAAAAAATGAAAAAAGATATACAAATCTGTTTTAGCATTGGGGGGATTAGTCATTTTATTCTTTTTTATTTATTTATTTTTTTTGAGACAGAGTCTCGCTTTGTCACCCAGGCTGGAG,1
97cf1f34972d367a,chr9,92617703,+,CENPP,negative,AGGTGGCCTTCTGGCTGCAGGGGGGCAGCCCTTGCCTGGAAGGCCGTTCTCCAGGACACTGACCCGCTGGGGGTTACCGGGGGACCAGCAGCCTCCAAGGGTGCTGGGGATCGGGGTGGAGAAGCCAAGGCCGCACACTGTGTTTCAAATGGGAGGTCGAGAGGAGCATCAGGGTTTAGGCCGGGAAGCTGTGGCAGCTCTCT,0
93253ffebe995008,chr12,101386641,+,,PolyA_DB,ACTTTGGATAGATTGTATAATATATAGTTTAATGTAATCATGCTCATATTTTTTAAATAAATAAAACACTATACTACTGCTGGGTCTTCACTGTTTAAAAAGCATGTGACACTAGTCAGAGTTTAAAATATAATTTGTAAATAAAAGGATACATTTTTAAATAGCAAGAAAAAATGTAGAAGTTAGCAATTAATCAAACAAAA,1
fa0f01a224dfe7a1,chr11,59294522,-,,PolyASite,CAGCCTGGGCAACAGAGCAAGACTCCATCTCAATAATAAATAAATACATACTTACACACATGCATACATACATAACTAAATAAAAATAAAATAAAAAAAAATTGTTGTATGCCACAGAAGAAACCAAAATTCCTAGTTGATTGAGTTTTAATAGAGGCTGCCCTAAGGCATTTTGTCATCCACAGACAATTGTTGTCTTGATT,1
f5b6f3a2537f07c2,chr16,11351167,+,RMI2,negative,CTCTCTCTCTCTCAGACACAGAAGTCTCATGTTGCATTTTCCAAATTTTATGAGTGATGATACTTTTTCCATTACTGCTGCGTCCCTGTTTTACAATGCAAAATTTAAGTACGGTCGTTGCCCATGGTGATTAAAGTGTGGTTATGGGCAGGAAGACAGACTGTGTAAAAAAGGAATGACATCCTGGCTCCTCATCTTCTTCA,0
1c1e0b969bf5e85d,chr11,118546787,+,TMEM25,negative,CATATGTTTTATAGGTAAAATACACTGCCATACTCTTTTCCTGTGGGAATCTGTGAAAAAGAAACTGATACCAAGTTATGGGCAAGTATTAACAGTTATATATGCATTACTTGGTGTTATAATGCCTAATGATTCCAGGACACCATATGAACAGAGAAAATGGGCATGACATCTAACTCAGGTAACAGGCTCTGGATCTAAAC,0
4a3e965b4ccc989c,chr9,129888793,-,FNBP1,negative,GTTTATGAATCTAAGACAAGGAAGTCCTATAGAAGCCAAAGGGACAGGGACGGAAAGGACAGGTCCCAAGGGATGGGGCTGTCTTTACTTGTGGAAACCAGGAAATTGCTCCTCTCAGCCAACCAAGGTTGACCACACACCACCCTTCCGGAGCAGCTCAGTCAGCCCTCGGGGACGAGAAACCACAAGCGCAGAGACGCTGA,0
a82b14fc6ee0ace1,chr1,51271811,+,RNF11,PolyASite,CCGAATTCTTTTCTGAAGTTGCTGGCATTTGGGTCAAGGTTTTATTAAAAGCTACATTTTATAACACTGGCACACACAAAAAAGTAGTTTTAAGCTTGTTTGCACAGTTCTTTTTTTCCATTGGAAATGGAATTCATTGCCTTAGGTCTTTTTAAATAGTGTATTATTATCGTTGGGGCTGGCTCTATGCTTGAAAACCAGTT,1
e0edb9b4d0c77be0,chr11,25432244,+,,PolyASite,AAATCTGTATTACATACAATTATTACATTTGAGAAAAATGAAATTTGTCTATTGTTTTTCCCATAGGAGACCTATATAATGTTAATCTATTAAAATAAAATTCGTTTTGAATAGCACATTAACCAGATGTTATGCTGAGCTGTATCTGCAAAATTTTAAAACTAAATTGGCTCCTTACACATATGTTATTCAAGATCAGTTCT,1
f0efa7aabef8d04b,chr6,13614106,-,ENSG00000261071,PolyA_DB,TTCTGTGAACCCCTGAGGGGAAGGGCCAGGTCTTGCTAGTCATTTTATTTCTAATGTCTATCATCTGGTAGATGTTTAATAAATGCTAAGTTGAATAATTCTATCTTACACATATATTGTATTTTTAATTCTCTTTTCATGTCTTCTGTTTTAGAAGCAATTCTCAATTTAAAAACGACAAAACCAAATAGGAACAAAAATGA,1
e95b76d2dbb0447f,chr3,80391399,+,,PolyASite,AAATCCCATAAAACAGCCCCACCCCTATCTCCCTTCGCTGACTCTCTGTTTGGACTCAGCCCACCTGCACCCAGGTGATTAAAAAGCTTTATTGTTCACACAAAGTCTGTTTGGTGGTCTCTTCAAACAGACATGCATGACACAAAACAATAGCCTTATTTCCATATTAATGACAACAATGTCTTAATCATAACAGCAAATTG,1
470641a461602ade,chr5,150221981,-,CAMK2A,negative,TTCTGCTTCCTTCTGGTGAAGTCCACCTCCAACATTAACCTGCCCACCCCACCCCCGTCATCCCTGGAGAATTCCAGCTTTGTCGTATCTCAGAGAGGGAATCTAATTGTTTTTGGGGGGCAAAAGAAAGCAACGTTTAGGTATCACTTCTACTTGGACCGCATGCCTTTTTATAGCCAAATTTCTGTGTATTTCGTAAATGG,0
422da6f3e9401776,chr14,90185729,+,KCNK13,negative,ATAAGAAAATTAAATTCAGCTTCAGGCCTTTAAACTGCAGCAAGATGGTGGTGTAGGGGTGTGGGACGGGGAGAGACTCACTTTTGTAACTAAAGAACATAGCTTAACATTTTCCCTTTGAATGGTCACACAGACCATTTCATTTTTACCAGGGCTTGGGGACCCAATGCAAAGATGATGACTATTTAATAAAATGGAAAATT,0
450dbb5156131ef3,chr3,182832302,+,ENSG00000308148,PolyASite,GTGAATAAAGGCAGAAAGCAAAAAGGTTATGCCTAGAACCTGTGTTAGTATGATTATTAAATATGAGTACTAAATTTAGATGAGAGCTTCATAACTAAGGCAAAAGGGGGAAATATAAAAGGTCATATAGTTTTCAAAGAGAAAATTTGAACCACAAAGATTTTCTCCTTAACTCAAAACAAAATTTTGACACTCAGAGTTTT,1
7c120fa6407ed8b0,chrX,77990340,+,ATP7A,negative,AATGCCACAGGAAGGTGTCTGAGGTATTTTGTTAAATGAAAAAAAGCTGAAAAGCTATATATACAATGTGATCAAAATTTTATAAAGAAATGTATCTGAATTTACGCCATGTATATATTGTTTATGTATATGAATAAGATTCCTGGTAGGATATGAACCAAAATTTTAACAGTGATTATCTTTGGGTGGTAGGATAAATGTGA,0
0e25cae34a84f22a,chr8,143613004,-,GFUS,negative,CCTCAGAGCCTGTACTGCCCTGGAGGTGGGACACCAAAGCTCTGAGGGGTGACTTCCCTGTCCCTGGGCCTCCTCCCCCCACTTCCTCCCATGCGGCCCCGACCCTCCCTGTCCATGGCCCTCACCTGCCTGCCTCTGCAGCGGTGAAGGAGACCTGTGCTTGGTTCACTGACAACTACGAGCAGGCCCGGAAGTGAAGCTGG,0
9b6949ee9f6a0034,chr14,67336456,-,ATP6V1D,negative,GATTAGTGGTTTTCCACATGTAGGTAAATTCAATGTAAAGCAACAAGCCAAAGGACCCTAGATTTCTCCTGTGGCTTCTTAAATACCTGGAATGTATTGGCCTTGTTAAAATACTTACAAAAGTGCAGATGACTTTATAGTTTAGCATTTGTTAAAAAGAAATCAAGAAAACAATGGACACATAATTTGTTGTGTGGAGTCAG,0
f91a52877422ff3a,chr2,241220054,-,ANO7,PolyA_DB,AGCAAGAAAAAAAAGACTCGGAGAAGGCAATACATAAGAAATTACTGTAACCACAGAAGTTAACAAAATACACAAATAAATTTGATGAACAGATGACTGAAAATGTTTTTTCATGTGTGTTTTTAACAGTAAAACTAAAACTCCATGTAACAATAATAAGATGGAGAGATTGCTGCTTACTAGGTGGTAAGGCATGTGAAGAT,1
fca2bd562e38f7f7,chr9,36026537,+,,PolyASite,CTCCTGAAAAAACCTTGGTGCTTCCCCACATGACCCCAGCATGGAATGGTGTGACCTCTCCTCTTGGGAAATGTAAATAATAAAAATCTTCTTTCAAAGGCATTGGCCTCTATGTATTTTCACTCGGTCATCTACATAAATTAAGATGACTCGAATACATCTTGAGACATGAGTGTTTACATAAAAGAAATAAAAATATACAT,1
2ed7ed26c76f1973,chr12,102414801,-,IGF1,PolyASite,ATTGTTTCCTAGGGCAAATTGATAATTGTGTGTAAAACTAATTGGAATATGTATGGAATAATCATCCTGAAATAAAATTGGTGAAAAGTATTTGTTATTGGGCATCTACAATGTGCAAACCTCTGTACTAGGCATGAACAAGAGTTATAAGCATTGGAGAGGCTAAAATATAGTCCTTAAGGCTGGGCACAGTGGCTCATGCC,1
c80479433495fa3d,chr10,75397823,-,ENSG00000297120,PolyA_DB,GGACAAGGTTTACGTCATGTACTAAAATAATAGACAATGTATCGCTTTAAAGATTAAAATTCCGTATATTTGATGTATTAAAGGGTTTTACTTCTTCTTCTTATCTTTTTTATTTTGGTTAAAGAGAGCATGGCAGTTTCGGCCGCAGTGGGTTCCGGGGCCTCACTGCTACTCCTTCTTCCCGGGACCGTGGCTGAATTTCC,1
ec2f7b36c0115d3c,chr17,62597333,+,TLK2,negative,GACCCTCATATGCATGGAATCATATAGTATGTGGACTTTTATTACTGGCTTCTTTCACTTACCATGGTGTTGTCAAATTTCATCCTTGTAGCCTGTGTCAGTACTTCATTCCTTTTTATGGCAAAATAATATTCCATTGTGTGGATATACCACATTTTGCTTATAACGGTTTGATAACCAGCTCACAAAATTCTTGAAAATTT,0
1ba48c5a541d9d4c,chr9,129584557,+,ENSG00000227619,PolyASite,GCAATAGGAGCTGGAGCCCCTAGGGGCCATGAAGCCCCTACCAGCCCTGGACTGCTTAGATTTACTTGAGCAAGAAATAAACCCTTGATTGTTTAAACCGGTGTGATTTGAAGTCTGCCCTGTTGGAAGCACAACCAGATCCTCTTTAACGAGGCACAGCAGAGAGTAACATGCACAGCCCCTGCCCTCTGGGAATCACTGTC,1
76e9dfc42f5004b5,chr20,483490,-,CSNK2A1,negative,CACCATTGTTCCTCCACCGTCCCACACTTTAGGGGGTTGGTATCTCGTGCTCTTCTCCAGAGATTACAAAAATGTAGCTTCTCAGGGGAGGCAGGAAGAAAGGAAGGAAGGAAAGAAGGAAGGGAGGACCCAATCTATAGGAGCAGTGGACTGCTTGCTGGTCGCTTACATCACTTTACTCCATAAGCGCTTCAGTGGGGTTA,0
2dc8a6a454fa142c,chr9,113597179,+,RGS3,negative,TAGACATACGGAAGCGAGGCCTGGACCAAGAGAGGCCCAGGCTACTGGAGGAGTAGAAGGATGGGCCCCGTGGGGTCCCCACTGCCCCGGTACGAGGGGGCCCAAGACCCTGGCAGGTCAGGGGCCCTGGCCAAGCCAGATCTGGAGCTGCTGCTCCCTGCTGCGGAGACCGCGGAGGCTTCGCGTTGACCAAGTTCCTTAAA,0
cd21ff874f0cc109,chr7,142106752,+,,PolyASite,GTGTAAATCTTATTTCTAATGTATACAACCACATTTCACATAAAAATATGCAATTTATATGCCAGATAAAAATAAAACAAGTGAATTTGCAAGTGATTTTGAATTTTGTGCTATTTTGACCATGAGTAATCTCTGTTTGGGGTTAAGGTTCTTGTTTAGCAAACTCTTATGAATTTGTCTTTCTGGTTCTCTTCGGCATCACA,1
1bc49f3695030417,chr22,17734259,-,BID,negative,GCACTGACGGACTCATGATTTCTTCTTACCAGATGCTTTCCTGTTCTTTAAGAGTTTAAAATCATCAGAAAGGAAAAACAAACTCTATATTGTTCAGCATGCAATACATACCACGCTAGGGCTGGCTCAATTGAAAGTGGGCAAAAGCTTACAAATACTAAAAAGAAGTGCTGCCGCGCAGTGTGGAGGCCACTGTTTGGAAA,0
dc812541a567ece1,chr15,88899178,-,MFGE8,negative,AGGCAGCACCACCACACAGTCACCCCTCCCTCCCTCTTTCCCACCCTCCACCTCTCACGGGCCCTGCCCCAGCCCCTAAGCCCCGTCCCCTAACCCCCAGTCCTCACTGTCCTGTTTTCTTAGGCACTGAGGGATCTGAGTAGGTCTGGGATGGACAGGAAAGGGCAAAGTAGGGCGTGTGGTTTCCCTGCCCCTGTCCGGAC,0
